DateTime,Total P,FracYear,d2H_1,d18O_1,d2H_2,d18O_2,d2H_3,d18O_3,d2H_4,d18O_4,d2H_5,d18O_5,d2H_6,d18O_6,d2H_7,d18O_7,d2H_8,d18O_8,d2H_9,d18O_9,d2H_10,d18O_10
2018-05-26,,0.39972621492128707,,,,,,,,,,,,,,,,,,,,
2018-05-27,,0.4024640657084187,,,,,,,,,,,,,,,,,,,,
2018-05-28,,0.405201916495551,,,,,,,,,,,,,,,,,,,,
2018-05-29,,0.40793976728268316,,,,,,,,,,,,,,,,,,,,
2018-05-30,,0.41067761806981545,,,,,,,,,,,,,,,,,,,,
2018-05-31,,0.41341546885694697,,,,,,,,,,,,,,,,,,,,
2018-06-01,,0.41615331964407926,,,,,,,,,,,,,,,,,,,,
2018-06-02,,0.4188911704312115,,,,,,,,,,,,,,,,,,,,
2018-06-03,,0.4216290212183437,,,,,,,,,,,,,,,,,,,,
2018-06-04,,0.42436687200547535,,,,,,,,,,,,,,,,,,,,
2018-06-05,,0.42710472279260747,,,,,,,,,,,,,,,,,,,,
2018-06-06,,0.4298425735797398,,,,,,,,,,,,,,,,,,,,
2018-06-07,,0.432580424366872,,,,,,,,,,,,,,,,,,,,
2018-06-08,,0.4353182751540036,,,,,,,,,,,,,,,,,,,,
2018-06-09,,0.43805612594113663,,,,,,,,,,,,,,,,,,,,
2018-06-10,,0.44079397672826875,,,,,,,,,,,,,,,,,,,,
2018-06-11,,0.4435318275154004,,,,,,,,,,,,,,,,,,,,
2018-06-12,,0.44626967830253256,,,,,,,,,,,,,,,,,,,,
2018-06-13,,0.44900752908966496,,,,,,,,,,,,,,,,,,,,
2018-06-14,,0.45174537987679714,,,,,,,,,,,,,,,,,,,,
2018-06-15,,0.45448323066392865,,,,,,,,,,,,,,,,,,,,
2018-06-16,,0.45722108145106083,,,,,,,,,,,,,,,,,,,,
2018-06-17,,0.45995893223819334,,,,,,,,,,,,,,,,,,,,
2018-06-18,,0.4626967830253254,,,,,,,,,,,,,,,,,,,,
2018-06-19,,0.4654346338124569,,,,,,,,,,,,,,,,,,,,
2018-06-20,,0.4681724845995891,,,,,,,,,,,,,,,,,,,,
2018-06-21,,0.4709103353867216,,,,,,,,,,,,,,,,,,,,
2018-06-22,,0.4736481861738539,,,,,,,,,,,,,,,,,,,,
2018-06-23,,0.47638603696098536,,,,,,,,,,,,,,,,,,,,
2018-06-24,,0.4791238877481175,,,,,,,,,,,,,,,,,,,,
2018-06-25,,0.48186173853525,,,,,,,,,,,,,,,,,,,,
2018-06-26,,0.4845995893223822,,,,,,,,,,,,,,,,,,,,
2018-06-27,,0.4873374401095137,,,,,,,,,,,,,,,,,,,,
2018-06-28,,0.49007529089664575,,,,,,,,,,,,,,,,,,,,
2018-06-29,,0.49281314168377843,,,,,,,,,,,,,,,,,,,,
2018-06-30,,0.49555099247091045,,,,,,,,,,,,,,,,,,,,
2018-07-01,,0.49828884325804196,,,,,,,,,,,,,,,,,,,,
2018-07-02,,0.501026694045174,,,,,,,,,,,,,,,,,,,,
2018-07-03,,0.5037645448323067,,,,,,,,,,,,,,,,,,,,
2018-07-04,,0.5065023956194388,,,,,,,,,,,,,,,,,,,,
2018-07-05,,0.5092402464065703,,,,,,,,,,,,,,,,,,,,
2018-07-06,,0.5119780971937035,,,,,,,,,,,,,,,,,,,,
2018-07-07,,0.5147159479808355,,,,,,,,,,,,,,,,,,,,
2018-07-08,,0.5174537987679672,,,,,,,,,,,,,,,,,,,,
2018-07-09,,0.5201916495550991,,,,,,,,,,,,,,,,,,,,
2018-07-10,,0.5229295003422318,,,,,,,,,,,,,,,,,,,,
2018-07-11,,0.5256673511293638,,,,,,,,,,,,,,,,,,,,
2018-07-12,,0.5284052019164954,,,,,,,,,,,,,,,,,,,,
2018-07-13,,0.5311430527036274,,,,,,,,,,,,,,,,,,,,
2018-07-14,,0.5338809034907602,,,,,,,,,,,,,,,,,,,,
2018-07-15,,0.5366187542778922,,,,,,,,,,,,,,,,,,,,
2018-07-16,,0.5393566050650237,,,,,,,,,,,,,,,,,,,,
2018-07-17,,0.5420944558521558,,,,,,,,,,,,,,,,,,,,
2018-07-18,,0.5448323066392885,,,,,,,,,,,,,,,,,,,,
2018-07-19,,0.5475701574264206,,,,,,,,,,,,,,,,,,,,
2018-07-20,,0.5503080082135521,,,,,,,,,,,,,,,,,,,,
2018-07-21,,0.553045859000684,,,,,,,,,,,,,,,,,,,,
2018-07-22,,0.555783709787817,,,,,,,,,,,,,,,,,,,,
2018-07-23,,0.5585215605749488,,,,,,,,,,,,,,,,,,,,
2018-07-24,0.25,0.5612594113620805,-38.0393900236429,-5.671035840846315,-20.182824504489204,-3.6567637782336746,-32.89839651924808,-4.978845538392609,-7.484774007464152,-2.210471052387001,8.416038669034933,-0.6341770287584989,8.981824774748098,0.06851810544062387,-32.89839651924808,-5.214501594747112,8.416038669034933,0.06851810544062387,-20.182824504489204,-3.7903526523921727,-42.962033645822515,-5.718279054928228
2018-07-25,,0.5639972621492123,,,,,,,,,,,,,,,,,,,,
2018-07-26,,0.5667351129363453,,,,,,,,,,,,,,,,,,,,
2018-07-27,,0.5694729637234771,,,,,,,,,,,,,,,,,,,,
2018-07-28,,0.5722108145106086,,,,,,,,,,,,,,,,,,,,
2018-07-29,,0.5749486652977406,,,,,,,,,,,,,,,,,,,,
2018-07-30,,0.577686516084874,,,,,,,,,,,,,,,,,,,,
2018-07-31,,0.5804243668720055,,,,,,,,,,,,,,,,,,,,
2018-08-01,,0.583162217659137,,,,,,,,,,,,,,,,,,,,
2018-08-02,,0.5859000684462704,,,,,,,,,,,,,,,,,,,,
2018-08-03,,0.5886379192334024,,,,,,,,,,,,,,,,,,,,
2018-08-04,,0.5913757700205339,,,,,,,,,,,,,,,,,,,,
2018-08-05,,0.5941136208076657,,,,,,,,,,,,,,,,,,,,
2018-08-06,,0.5968514715947987,,,,,,,,,,,,,,,,,,,,
2018-08-07,,0.5995893223819306,,,,,,,,,,,,,,,,,,,,
2018-08-08,,0.6023271731690621,,,,,,,,,,,,,,,,,,,,
2018-08-09,,0.605065023956194,,,,,,,,,,,,,,,,,,,,
2018-08-10,,0.6078028747433271,,,,,,,,,,,,,,,,,,,,
2018-08-11,,0.6105407255304589,,,,,,,,,,,,,,,,,,,,
2018-08-12,0.64,0.6132785763175904,13.977295587557954,-0.15635773686713828,13.977295587557954,-0.15635773686713828,15.336869009728396,0.5548906003434402,-4.26486573984565,-1.6399385893934393,-36.041203305129045,-5.147746591934666,15.336869009728396,0.5548906003434402,-25.977566178554614,-4.473437328228468,-14.192592759896417,-3.602541257967922,-0.5639436667706885,-1.6399385893934393,-12.143186332386009,-2.306935970082007
2018-08-13,,0.6160164271047224,,,,,,,,,,,,,,,,,,,,
2018-08-14,1.49,0.6187542778918553,-24.033063142002682,-3.5498203019239902,14.616825878726203,-0.10363678082320638,-0.003455333297209151,-1.5872176333495074,16.54218540660981,0.6917715244781175,-5.835409083737282,-2.254215014038075,16.54218540660981,0.6917715244781175,16.54218540660981,0.6917715244781175,-27.236578529235107,-4.591248175709618,-25.338035887386365,-4.420716372184536,-0.003455333297209151,-1.7753956285649095
2018-08-15,7.800000000000001,0.6214921286789873,-5.523106526350407,-2.228469729369347,-17.205893370101855,-4.329846834686387,-12.310161315240617,-3.007765074527453,-3.3130328912905256,-2.228469729369347,0.30884722408966603,-1.5614723486807796,-35.089370456573924,-5.069280351222007,0.30884722408966603,-1.862205123355306,15.618274694666319,0.014821674947722574,0.3878891817844359,-0.07789149615447855,-5.523106526350407,-2.228469729369347
2018-08-16,,0.6242299794661188,,,,,,,,,,,,,,,,,,,,
2018-08-17,4.46,0.6269678302532506,0.918065113060214,-1.6994282512304517,-34.480152567603376,-5.019058258556277,0.918065113060214,-2.178247636703617,0.9971070707549838,0.06504376761345254,-23.11154269564526,-3.0911318560202212,-10.582135594860336,-2.9497015047236976,-11.700943426270069,-3.0911318560202212,-12.631542022370745,-3.4738529245895324,-26.315058082877684,-4.51528079837516,-16.596675481131307,-4.2796247420206575
2018-08-18,,0.6297056810403837,,,,,,,,,,,,,,,,,,,,
2018-08-19,,0.6324435318275156,,,,,,,,,,,,,,,,,,,,
2018-08-20,1.62,0.6351813826146471,16.412364689759368,0.044382044928941156,-22.237524330969517,-4.207573293602968,-23.5424970763532,-4.272697546432388,17.101510948312608,0.13709521603114228,18.337724217642975,0.7556303821395196,18.337724217642975,0.839790350230265,-10.826925061594327,-3.4018014761718427,-22.237524330969517,-3.4018014761718427,-22.237524330969517,-4.272697546432388,17.101510948312608,0.044382044928941156
2018-08-21,2.44,0.6379192334017789,-23.26211964751471,-4.184459820628135,2.151502864269217,-1.4160853346225264,17.3818883771511,0.16020868900597574,-15.442279687617072,-4.184459820628135,-9.427739801346103,-2.083082715311094,18.618101646481467,0.8629038232050985,2.151502864269217,0.06749551790377462,-33.32575677408914,-4.923893337163754,-25.16066228936345,-4.420115876982637,-11.477146228856512,-2.995966934627698
2018-08-22,,0.6406570841889121,,,,,,,,,,,,,,,,,,,,
2018-08-23,,0.6433949349760438,,,,,,,,,,,,,,,,,,,,
2018-08-24,,0.6461327857631753,,,,,,,,,,,,,,,,,,,,
2018-08-25,,0.6488706365503072,,,,,,,,,,,,,,,,,,,,
2018-08-26,,0.6516084873374408,,,,,,,,,,,,,,,,,,,,
2018-08-27,,0.6543463381245722,,,,,,,,,,,,,,,,,,,,
2018-08-28,,0.6570841889117036,,,,,,,,,,,,,,,,,,,,
2018-08-29,3.01,0.6598220396988372,-1.7254310741160448,-2.6868546413895102,-21.228057877765128,-4.252433935040973,-23.12660051961387,-4.252433935040973,20.086377310517882,0.9464257970560173,-7.393678031596522,-2.6868546413895102,20.086377310517882,0.9464257970560173,0.4846425609438363,-1.4365813878962643,-31.291695004339562,-4.708968181140176,19.41595014690068,0.3278906309476399,-26.369051382159952,-4.708968181140176
2018-08-30,5.39,0.6625598904859691,0.7116517563977496,-1.5304222112216894,-22.899591324159957,-4.233719978907274,-8.285476667552341,-2.668140685255811,20.87917261168496,1.049299721280462,-7.166668836142609,-2.6759821623938365,-8.285476667552341,-2.6759821623938365,0.7116517563977496,-1.8966868172357305,-26.14204218670604,-4.690254225006477,-9.216075263653018,-2.6759821623938365,4.333531871777941,-1.417867431762565
2018-08-31,,0.6652977412731006,,,,,,,,,,,,,,,,,,,,
2018-09-01,,0.6680355920602324,,,,,,,,,,,,,,,,,,,,
2018-09-02,,0.6707734428473655,,,,,,,,,,,,,,,,,,,,
2018-09-03,,0.6735112936344972,,,,,,,,,,,,,,,,,,,,
2018-09-04,,0.6762491444216289,,,,,,,,,,,,,,,,,,,,
2018-09-05,,0.6789869952087607,,,,,,,,,,,,,,,,,,,,
2018-09-06,1.52,0.6817248459958938,20.363239741627908,-1.113500536817829,-5.757242178316055,-2.551951785526477,-11.771782064587024,-3.8818750228234373,-24.732615528879485,-4.574065325277143,21.052386000181148,0.4627934868106731,5.742958529604495,-1.3016785320332311,-7.806648605826465,-2.6933821368230006,20.363239741627908,0.370080315708472,-7.806648605826465,-2.6933821368230006,21.72281316379835,1.0813286529190504
2018-09-07,,0.6844626967830255,,,,,,,,,,,,,,,,,,,,
2018-09-08,,0.6872005475701571,,,,,,,,,,,,,,,,,,,,
2018-09-09,0.33,0.6899383983572891,-7.302067005879967,-2.5181970713367057,0.4155863791109202,-1.7389017261785997,-5.252660578369557,-2.51035559419868,6.247540129550993,-1.071904345490032,22.793180869458013,1.2070848123375928,-29.150677551112597,-4.57971234803126,-20.985583066386905,-4.075934887850143,-7.302067005879967,-3.034507014064515,-6.371468409779291,-2.6517859454952037,-17.78206767915448,-3.84027883149564
2018-09-10,0.31,0.692676249144422,-20.83103710192603,-4.06319458279872,-24.07348796447211,-4.06319458279872,-17.627521714693604,-3.827538526444217,6.481128051706639,0.4244168120876919,-11.11265450017965,-2.639045640443781,22.381940728205723,1.1356651492982703,0.5701323435717964,-2.4976152891472574,22.381940728205723,1.1356651492982703,-5.098114613908681,-2.505456766285283,-20.83103710192603,-4.06319458279872
2018-09-11,0.33,0.695414099931554,6.628772155668079,-1.235170699248854,-4.950470509947241,-2.4932854298801255,6.628772155668079,0.4365881484928491,6.549730197973309,-1.3477254787079784,-23.92584386051067,-4.55480070657468,23.09537093788033,1.231996453794173,21.17001140999672,0.4365881484928491,-20.68339299796459,-4.051023246393562,6.628772155668079,-1.046992704033452,-23.92584386051067,-4.507557492492766
2018-09-12,1.55,0.6981519507186857,-4.809771956750922,-2.4816866638154913,6.6904287511696285,-1.336126712643344,21.31070996319304,0.4481869145574835,21.31070996319304,0.4481869145574835,6.6904287511696285,-1.2235719331842194,6.769470708864398,-1.0353939379688173,-17.339179057535844,-3.8037684239744256,6.6904287511696285,-1.336126712643344,22.670283385363483,1.2435952198588074,3.068548635789437,-1.0353939379688173
2018-09-13,,0.7008898015058174,,,,,,,,,,,,,,,,,,,,
2018-09-14,6.6,0.7036276522929504,-28.44739294763797,-4.521735677999839,-10.563915861165897,-2.976530344033094,3.32894461764543,-1.3146604501331378,-18.383755821063534,-3.84742641429364,-28.44739294763797,-4.521735677999839,-6.598782402405338,-2.976530344033094,7.029866690720391,-1.013927675458611,-6.598782402405338,-2.593809275463783,-20.282298462912276,-4.017958217818722,-5.668183806304662,-2.460220401305285
2018-09-15,14.61,0.7063655030800821,-18.264135447764314,-3.837565270060508,-10.444295487866677,-3.7724410172310874,-23.40512895215914,-4.464631319684793,-10.444295487866677,-3.7724410172310874,7.070445106324842,-1.304799305900006,-28.32777257433875,-4.511874533766707,-18.264135447764314,-3.837565270060508,-28.32777257433875,-4.511874533766707,-28.32777257433875,-4.511874533766707,-28.32777257433875,-4.511874533766707
2018-09-16,2.37,0.7091033538672139,-5.4360426983902,-1.661788040566586,-4.317234866980467,-1.661788040566586,-10.331774753251436,-2.9573933284525014,-10.331774753251436,-3.7631651458836264,-20.050157354997815,-3.998821202238129,-6.366641294490877,-2.9573933284525014,-16.84664196776539,-3.7631651458836264,1.3510120905000105,-1.661788040566586,23.162820475133937,1.2000385298588612,22.492393311516736,0.5815033637504838
2018-09-17,,0.7118412046543457,,,,,,,,,,,,,,,,,,,,
2018-09-18,,0.7145790554414786,,,,,,,,,,,,,,,,,,,,
2018-09-19,,0.7173169062286106,,,,,,,,,,,,,,,,,,,,
2018-09-20,6.5600000000000005,0.7200547570157423,7.56141817464634,-1.151770181579987,22.181699386669752,-1.151770181579987,23.541272808840194,1.2312370033722946,23.541272808840194,1.2312370033722946,-5.98818896078462,-2.5434737863697565,-17.773162379442816,-3.7970909251996137,24.10705891455336,1.31539697146304,-17.773162379442816,-3.731966672370193,7.64046013234111,-0.9635921863645848,-17.773162379442816,-3.7970909251996137
2018-09-21,4.21,0.7227926078028739,-22.83759044341067,-4.417845149918998,4.01610349969312,-1.25801313613421,7.637983615073312,-1.1454583566750856,7.637983615073312,-1.1454583566750856,22.258264827096724,0.6190136621688187,23.617838249267166,1.237548828277196,22.258264827096724,0.5263004910666176,-5.911623520357648,-2.403573087306357,22.947411085649964,0.6190136621688187,-3.862217092847238,-1.624277742148251
2018-09-22,6.93,0.7255304585900074,-22.76829258544319,-4.4121324426801145,-16.322326335664684,-2.914170322795283,-22.76829258544319,-4.4593756567620275,7.786323430735559,-0.9515676542207999,-9.80745912115073,-2.914170322795283,7.786323430735559,0.532013198305501,4.085401357660597,-1.2523004288953266,-22.76829258544319,-3.955598196580911,-9.80745912115073,-2.5314492542259717,4.085401357660597,-1.2523004288953266
2018-09-23,,0.7282683093771393,,,,,,,,,,,,,,,,,,,,
2018-09-24,,0.7310061601642704,,,,,,,,,,,,,,,,,,,,
2018-09-25,,0.7337440109514041,,,,,,,,,,,,,,,,,,,,
2018-09-26,2.77,0.7364818617385355,7.911419335174786,-1.1229171373155196,7.911419335174786,-1.1229171373155196,-22.564154723309194,-4.3953039305594315,-22.564154723309194,-4.3953039305594315,22.5317005471982,-0.9347391421001173,22.5317005471982,0.5488417104261836,4.2895392197945945,-1.235471916774644,-17.42316121891437,-3.7682378809351462,23.22084680575144,1.260090047636762,-9.603321259016733,-2.8973418106746003
2018-09-27,8.65,0.7392197125256673,-19.28900829949542,-3.936074360607347,-4.674893642887807,-2.511925418252408,-3.556085811478073,-2.3704950669558844,2.112161146002404,-1.232776592921763,-19.28900829949542,-3.7655425570822647,-22.531459162041504,-4.392608606706551,-5.605492238988483,-2.37833654409391,-5.605492238988483,-2.894646486821719,-27.454102784221114,-4.439851820788464,-5.605492238988483,-2.511925418252408
2018-09-28,0.96,0.7419575633127993,24.51509302598631,1.3490340778680938,-19.263670909858607,-3.933985622319642,24.51509302598631,1.3490340778680938,4.347572170699099,-1.2306878546340576,-17.365128268009865,-3.698329565965139,23.278879756655943,1.2648741097773484,-16.060155522626182,-2.892557748534014,4.347572170699099,-1.1181330751749332,8.04849424377406,-1.1181330751749332,-22.50612177240469,-4.390519868418846
2018-09-29,2.74,0.7446954140999319,4.365543890963814,-1.1166515405436663,-17.34715654774515,-3.761972284163293,-19.245699189593893,-3.932504087688375,23.96727864053786,1.2663556444086153,-16.042183802361468,-2.891076213902747,-19.245699189593893,-3.932504087688375,2.1554702559039325,-1.5954709260168318,-9.527316587847514,-2.891076213902747,-19.245699189593893,-3.932504087688375,-17.34715654774515,-3.761972284163293
2018-09-30,,0.747433264887064,,,,,,,,,,,,,,,,,,,,
2018-10-01,,0.7501711156741959,,,,,,,,,,,,,,,,,,,,
2018-10-02,,0.7529089664613274,,,,,,,,,,,,,,,,,,,,
2018-10-03,,0.7556468172484606,,,,,,,,,,,,,,,,,,,,
2018-10-04,,0.758384668035592,,,,,,,,,,,,,,,,,,,,
2018-10-05,,0.7611225188227239,,,,,,,,,,,,,,,,,,,,
2018-10-06,4.19,0.7638603696098561,-17.42776507735235,-3.768617409194703,7.906815476736805,-0.9351186703596744,24.452456216643824,1.3438704874679503,-4.712193062593479,-2.3735699190683226,23.216242947313457,0.6411753532688276,-22.568758581747176,-4.395683458818988,-9.607925117454714,-2.8977213389341574,-4.712193062593479,-2.3735699190683226,-3.593385231183745,-2.3735699190683226,-16.122792331968668,-3.7034931563652824
2018-10-07,,0.7665982203969884,,,,,,,,,,,,,,,,,,,,
2018-10-08,9.38,0.7693360711841207,-5.7320503339533255,-2.522358487418619,-22.658017257006346,-4.403041675872761,-22.658017257006346,-4.403041675872761,-16.21205100722784,-3.775975626248476,-9.697183792713885,-2.90507955598793,-17.51702375261152,-3.775975626248476,23.126984272054287,0.6338171362150549,7.817556801477634,-1.1306548826288494,-16.21205100722784,-3.775975626248476,-22.658017257006346,-4.403041675872761
2018-10-09,,0.7720739219712526,,,,,,,,,,,,,,,,,,,,
2018-10-10,,0.774811772758384,,,,,,,,,,,,,,,,,,,,
2018-10-11,0.73,0.7775496235455174,7.628809936938902,-0.9580366119271976,23.608664571132756,1.2367925778096818,7.628809936938902,-1.1462146071425998,22.249091148962314,-0.9580366119271976,-19.604313258998996,-3.9620671542873085,7.628809936938902,-1.1462146071425998,-9.885930657252617,-2.9206392805016805,-4.990198602391382,-2.4043293377738713,1.7968561864988293,-1.6250339926157653,22.938237407515555,0.6182574117013044
2018-10-12,4.08,0.7802874743326486,-9.96340299645407,-2.9270258674172105,-27.84688008292614,-4.472231201383956,-17.783242956351707,-3.732797684848336,-9.96340299645407,-3.732797684848336,7.630379555432219,0.5191576536835734,-17.783242956351707,-3.7979219376777564,7.551337597737449,-1.1526011940581298,22.8607650683141,0.6118708247857745,24.09697833764447,1.3145659589848973,-3.9488631101831007,-2.410715924689401
2018-10-13,19.32,0.7830253251197806,24.012264055933986,1.307582368083842,-23.008950742457014,-3.9754373321038936,-16.562984492678506,-3.739781275749391,3.844743200646775,-1.2721395644183093,-4.0335773918935836,-2.4176995155904564,7.5456652737217365,-0.9714067897437827,-6.082983819403993,-2.5512883897489544,-10.048117278164552,-3.739781275749391,-5.152385223303317,-2.4176995155904564,-23.008950742457014,-4.431971578203097
2018-10-14,,0.7857631759069128,,,,,,,,,,,,,,,,,,,,
2018-10-15,,0.788501026694045,,,,,,,,,,,,,,,,,,,,
2018-10-16,,0.7912388774811773,,,,,,,,,,,,,,,,,,,,
2018-10-17,,0.7939767282683093,,,,,,,,,,,,,,,,,,,,
2018-10-18,6.21,0.7967145790554405,23.481015473072553,1.2637878307926127,-20.297748462772365,-4.019231869395123,6.935374733165533,-1.2033793222504143,-4.564825974755017,-2.4536525757436602,22.244802203742186,0.5610926965934899,-17.09423307553994,-3.7835758130406205,21.555655945188946,-1.0152013270350122,-10.579365861025986,-2.595082927040184,-4.564825974755017,-1.3159341017095387,-18.399205820923623,-3.848700065870041
2018-10-19,1.69,0.7994524298425741,0.9758559313231889,-1.6927147873535777,-23.66776437672072,-4.486282195124324,-10.706930912428257,-2.9883200752394927,6.8868516394580315,0.4578634458612909,-20.425313514174636,-4.029747949025121,22.787664315957116,1.1691117830718694,3.18592956638307,-1.213895401880412,22.117237152339914,0.550576616963492,-4.6923910261572885,-1.3264501813395366,-20.425313514174636,-3.8592161455000387
2018-10-20,0.5,0.8021902806297051,22.653077343918522,1.158016837398583,-4.826977998195883,-2.4752636010469447,-18.66135784436449,-3.870311091173325,3.051342594344476,-1.337545127012823,-18.66135784436449,-4.040842894698407,6.752264667419437,-1.0368123523382962,21.98265018030132,1.158016837398583,3.051342594344476,-2.4752636010469447,-23.802351348759313,-4.040842894698407,6.752264667419437,-1.0368123523382962
2018-10-21,3.2,0.8049281314168374,-20.701469552438038,-4.052513423242074,-6.0873548958304236,-2.4947756067286364,0.6996998930597873,-1.3492156555564894,21.841081114076513,0.5278111427465393,23.07729438340688,1.230506276945662,-4.96854706442069,-1.3492156555564894,23.07729438340688,1.230506276945662,6.61069560119463,0.43509797164433817,-17.497954165205613,-3.0110855494564457,2.9097735281196684,-1.7154802615705305
2018-10-22,1.21,0.8076659822039708,-24.0924296828308,-4.521290327258166,22.9287851155602,1.2182636190287728,6.462186333347949,-1.060725538798852,-17.646463433052293,-3.82910002480446,22.362999009847034,1.1341036509380273,-18.951436178435976,-3.8942242776338807,22.362999009847034,1.1341036509380273,0.5511906252131067,-1.7277229194874197,-11.13159621853834,-3.82910002480446,-6.235864163677104,-2.4991767875075004
2018-10-23,,0.810403832991102,,,,,,,,,,,,,,,,,,,,
2018-10-24,,0.813141683778234,,,,,,,,,,,,,,,,,,,,
2018-10-25,,0.8158795345653663,,,,,,,,,,,,,,,,,,,,
2018-10-26,1.35,0.8186173853524985,2.098734626745216,-1.7823398722250512,-5.7795859657951425,-1.41607526621101,20.34089595414882,0.36823836098981744,5.7996566998201775,-1.3035204867518857,20.34089595414882,0.36823836098981744,-29.677602938538183,-4.623150494077711,-0.11133900831466503,-1.7823398722250512,-18.308993066580065,-3.8837169775420914,-6.898393797204876,-2.695224091541655,2.098734626745216,-1.7823398722250512
2018-10-27,,0.8213552361396309,,,,,,,,,,,,,,,,,,,,
2018-10-28,0.28,0.824093086926763,-30.04927008329934,-4.653789616997335,-18.680660211341223,-3.914356100461715,5.3489475973642495,-1.3341596096715094,21.89458833727127,1.1330075433715177,21.328802231558104,1.0488475752807722,-12.16579299682727,-3.10858428303059,-8.20065953806671,-2.725863214461279,5.427989555059019,-1.3341596096715094,-19.985632956724906,-3.9794803532911356,-8.20065953806671,-2.725863214461279
2018-10-29,,0.8268309377138939,,,,,,,,,,,,,,,,,,,,
2018-10-30,,0.8295687885010273,,,,,,,,,,,,,,,,,,,,
2018-10-31,,0.8323066392881585,,,,,,,,,,,,,,,,,,,,
2018-11-01,0.25,0.8350444900752906,-22.70611558171572,-4.217770419904625,-8.092000925108106,-2.652191126253162,21.072648354129196,1.065249280283111,-30.871210066441414,-4.721547880085741,4.5270076142221765,-1.401917872759916,21.072648354129196,1.065249280283111,20.50686224841603,0.9810893121923656,21.072648354129196,1.065249280283111,-20.80757293986698,-3.9821143635501217,19.83643508479883,0.3625541460839883
2018-11-02,,0.837782340862423,,,,,,,,,,,,,,,,,,,,
2018-11-03,,0.840520191649555,,,,,,,,,,,,,,,,,,,,
2018-11-04,0.42,0.8432580424366874,-21.490877716545178,-4.2741000130346904,3.9227447952387475,-1.4582474658899818,-8.775305701786305,-2.7085207193832277,18.46398404956739,0.21351138185172136,18.46398404956739,-1.2700694706745796,20.389343577450997,1.0089196871530453,19.15313030812063,0.3062245529539225,19.823557471737832,1.0089196871530453,-23.38942035839392,-4.2741000130346904,3.8437028375439777,-1.5708022453491062
2018-11-05,,0.8459958932238196,,,,,,,,,,,,,,,,,,,,
2018-11-06,2.09,0.8487337440109507,17.97761119772234,0.17341626501801555,-8.142870722221623,-2.7486158362169335,3.436371943393697,-1.4983425827236876,-21.97725056839023,-4.143663326343314,17.97761119772234,0.17341626501801555,-2.4746237647411458,-1.610897362182812,-21.97725056839023,-4.314195129868397,19.33718461989278,0.26612943612021667,18.66675745627558,0.26612943612021667,-9.261678553631356,-2.7486158362169335
2018-11-07,,0.8514715947980841,,,,,,,,,,,,,,,,,,,,
2018-11-08,,0.8542094455852149,,,,,,,,,,,,,,,,,,,,
2018-11-09,13.979999999999999,0.8569472963723471,-8.917245501087162,-2.8202944438894986,-21.446652601872085,-4.207500456877853,-24.65016798910451,-4.378032260402936,-22.751625347255768,-4.378032260402936,2.582955206833388,-2.0409990987313926,-21.446652601872085,-4.207500456877853,18.562809841027242,0.8208274716940545,-22.751625347255768,-4.378032260402936,-22.751625347255768,-4.207500456877853,-22.751625347255768,-4.207500456877853
2018-11-10,,0.8596851471594796,,,,,,,,,,,,,,,,,,,,
2018-11-11,,0.8624229979466116,,,,,,,,,,,,,,,,,,,,
2018-11-12,,0.865160848733744,,,,,,,,,,,,,,,,,,,,
2018-11-13,,0.8678986995208763,,,,,,,,,,,,,,,,,,,,
2018-11-14,21.060000000000002,0.8706365503080072,-34.22021768066348,-4.997630007325817,1.257041957694879,-1.6779999999999915,-26.05512319593779,-4.4938525471447,-22.851607808705364,-4.258196490790198,-24.156580554089047,-4.4938525471447,-11.441008539330173,-3.069703604789761,-12.37160713543085,-3.069703604789761,-12.37160713543085,-4.258196490790198,-4.653953750439964,-2.156819385473157,-11.441008539330173,-2.936114730631263
2018-11-15,0.27,0.8733744010951409,-2.7412798852220632,-1.8150715230908723,-24.453980323931027,-4.3478374872513745,-16.634140364033392,-3.4769414169908286,-29.594973828325852,-4.97490353687566,-12.66900690527283,-3.4769414169908286,15.50088144218154,-1.5143387484163457,-26.35252296577977,-4.518369290776457,16.19002770073478,0.06195527521215638,16.19002770073478,0.06195527521215638,-2.7412798852220632,-2.952789997124994
2018-11-16,0.5,0.8761122518822733,0.6569744540109372,-1.5392897671752066,0.6569744540109372,-0.055708914648905594,0.6569744540109372,-1.5392897671752066,-3.0439476190640242,-1.7274677623906087,-16.93680809787535,-3.1191713671803782,-12.971674639114791,-3.5018924357496894,-34.820285184347426,-5.047097769716434,16.55778713051002,0.7396993906524183,-23.451675312389305,-3.5018924357496894,17.123573236223187,0.7396993906524183
2018-11-17,1.5,0.8788501026694041,-25.064494191362975,-4.5686982200134025,0.2700863627261807,-1.7528456728686943,-3.351793752654011,-1.8654004523278187,-35.12813131793741,-5.07247568019452,-3.351793752654011,-2.23166505834186,-13.279520772704778,-3.144549277658464,16.249940996920035,0.6301615120835873,0.2700863627261807,-1.7528456728686943,-5.561867387713892,-2.23166505834186,-23.759521445979292,-4.398166416488321
2018-11-18,,0.8815879534565375,,,,,,,,,,,,,,,,,,,,
2018-11-19,,0.8843258042436685,,,,,,,,,,,,,,,,,,,,
2018-11-20,,0.8870636550308008,,,,,,,,,,,,,,,,,,,,
2018-11-21,,0.8898015058179333,,,,,,,,,,,,,,,,,,,,
2018-11-22,,0.8925393566050651,,,,,,,,,,,,,,,,,,,,
2018-11-23,,0.8952772073921976,,,,,,,,,,,,,,,,,,,,
2018-11-24,,0.8980150581793299,,,,,,,,,,,,,,,,,,,,
2018-11-25,,0.9007529089664607,,,,,,,,,,,,,,,,,,,,
2018-11-26,0.39,0.9034907597535943,-6.339922073075069,-2.477997380688577,-33.19361601617886,-5.271564788459323,11.902239254328535,-0.32741914747370826,-38.11625963835847,-5.318808002541237,-16.267649093125836,-3.390881600005181,-26.74764976640035,-3.773602668574492,13.261812676498977,0.3838291897368702,13.827598782212142,0.3838291897368702,-26.74764976640035,-4.579374486005618,-28.052622511784033,-4.579374486005618
2018-11-27,,0.906228610540725,,,,,,,,,,,,,,,,,,,,
2018-11-28,,0.9089664613278573,,,,,,,,,,,,,,,,,,,,
2018-11-29,,0.9117043121149898,,,,,,,,,,,,,,,,,,,,
2018-11-30,,0.9144421629021217,,,,,,,,,,,,,,,,,,,,
2018-12-01,,0.9171800136892542,,,,,,,,,,,,,,,,,,,,
2018-12-02,,0.9199178644763867,,,,,,,,,,,,,,,,,,,,
2018-12-03,,0.9226557152635172,,,,,,,,,,,,,,,,,,,,
2018-12-04,,0.9253935660506508,,,,,,,,,,,,,,,,,,,,
2018-12-05,,0.9281314168377816,,,,,,,,,,,,,,,,,,,,
2018-12-06,,0.9308692676249138,,,,,,,,,,,,,,,,,,,,
2018-12-07,,0.9336071184120466,,,,,,,,,,,,,,,,,,,,
2018-12-08,,0.9363449691991782,,,,,,,,,,,,,,,,,,,,
2018-12-09,,0.9390828199863107,,,,,,,,,,,,,,,,,,,,
2018-12-10,,0.9418206707734432,,,,,,,,,,,,,,,,,,,,
2018-12-11,,0.9445585215605737,,,,,,,,,,,,,,,,,,,,
2018-12-12,,0.9472963723477078,,,,,,,,,,,,,,,,,,,,
2018-12-13,,0.9500342231348403,,,,,,,,,,,,,,,,,,,,
2018-12-14,,0.9527720739219707,,,,,,,,,,,,,,,,,,,,
2018-12-15,,0.9555099247091045,,,,,,,,,,,,,,,,,,,,
2018-12-16,0.59,0.958247775496235,6.087477152635458,-0.17008321785637515,-40.93373764575554,-5.909637164143314,-10.379121629576792,-0.965491523157699,-16.290117337711635,-3.1160697563725677,-24.00777072270252,-4.411675044258483,-10.458163587271562,-2.637250370899402,-45.85638126793515,-5.956880378225227,-23.077172126601845,-3.8953651015306736,-27.97290418146308,-5.217446861689608,-34.487771395977035,-5.282571114519029
2018-12-17,,0.9609856262833675,,,,,,,,,,,,,,,,,,,,
2018-12-18,,0.9637234770705,,,,,,,,,,,,,,,,,,,,
2018-12-19,,0.9664613278576316,,,,,,,,,,,,,,,,,,,,
2018-12-20,,0.9691991786447643,,,,,,,,,,,,,,,,,,,,
2018-12-21,,0.9719370294318969,,,,,,,,,,,,,,,,,,,,
2018-12-22,,0.9746748802190274,,,,,,,,,,,,,,,,,,,,
2018-12-23,,0.977412731006161,,,,,,,,,,,,,,,,,,,,
2018-12-24,,0.9801505817932915,,,,,,,,,,,,,,,,,,,,
2018-12-25,,0.982888432580424,,,,,,,,,,,,,,,,,,,,
2018-12-26,,0.9856262833675569,,,,,,,,,,,,,,,,,,,,
2018-12-27,,0.9883641341546882,,,,,,,,,,,,,,,,,,,,
2018-12-28,,0.9911019849418209,,,,,,,,,,,,,,,,,,,,
2018-12-29,,0.9938398357289535,,,,,,,,,,,,,,,,,,,,
2018-12-30,,0.9965776865160839,,,,,,,,,,,,,,,,,,,,
2018-12-31,,0.9993155373032176,,,,,,,,,,,,,,,,,,,,
2019-01-01,,0.002737850787132099,,,,,,,,,,,,,,,,,,,,
2019-01-02,,0.005475701574264198,,,,,,,,,,,,,,,,,,,,
2019-01-03,,0.00821355236139631,,,,,,,,,,,,,,,,,,,,
2019-01-04,,0.010951403148528396,,,,,,,,,,,,,,,,,,,,
2019-01-05,,0.01368925393566052,,,,,,,,,,,,,,,,,,,,
2019-01-06,,0.01642710472279262,,,,,,,,,,,,,,,,,,,,
2019-01-07,2.02,0.0191649555099247,-32.53452159134036,-4.675000581363496,-3.9356584178162173,-1.0338786657799428,-43.94512086071555,-5.997082341522431,-43.94512086071555,-5.191310524091305,-55.31373073267366,-6.73651585805805,-19.91551305201007,-3.2287078555168223,-47.14863624794797,-6.689272643976136,-19.91551305201007,-3.2287078555168223,-19.91551305201007,-3.2287078555168223,-31.41571375993062,-3.89570523620539
2019-01-08,,0.021902806297056793,,,,,,,,,,,,,,,,,,,,
2019-01-09,,0.024640657084188906,,,,,,,,,,,,,,,,,,,,
2019-01-10,1.21,0.02737850787132104,-5.207994134812367,-1.1387662001707595,-48.420971964944115,-6.794160178366953,-27.019802519446294,-4.772046638616287,-27.019802519446294,-3.6343281645821657,-33.806857308336504,-4.772046638616287,-24.809728884386413,-3.6343281645821657,-21.187848769006223,-4.0005927705962065,-5.8784212984295685,-1.7573013662791368,-48.420971964944115,-6.33762593226775,-21.108806811311453,-3.333595389907639
2019-01-11,,0.030116358658453125,,,,,,,,,,,,,,,,,,,,
2019-01-12,,0.03285420944558524,,,,,,,,,,,,,,,,,,,,
2019-01-13,11.83,0.03559206023271732,-46.478432530110595,-6.205920945435594,-7.828543509381706,-1.9539656069036844,-33.949025429325665,-4.883839185276659,-7.139397250828466,-1.8612524358014833,-28.280778471845192,-4.104543840118553,-57.84704240206871,-6.945354461971213,-5.903183981498099,-1.1585573016023605,-47.783405275494275,-6.271045198265014,-28.280778471845192,-4.875997708138634,-7.828543509381706,-1.9539656069036844
2019-01-14,,0.0383299110198494,,,,,,,,,,,,,,,,,,,,
2019-01-15,,0.041067761806981476,,,,,,,,,,,,,,,,,,,,
2019-01-16,,0.043805612594113585,,,,,,,,,,,,,,,,,,,,
2019-01-17,,0.046543463381245744,,,,,,,,,,,,,,,,,,,,
2019-01-18,,0.04928131416837781,,,,,,,,,,,,,,,,,,,,
2019-01-19,,0.05201916495550991,,,,,,,,,,,,,,,,,,,,
2019-01-20,,0.05475701574264208,,,,,,,,,,,,,,,,,,,,
2019-01-21,,0.05749486652977417,,,,,,,,,,,,,,,,,,,,
2019-01-22,0.8,0.06023271731690625,-31.96217626730617,-4.04176260938011,-31.96217626730617,-3.9292078299209856,-38.74923105619638,-5.179481083414232,-50.15983032557157,-6.509404320711192,-50.15983032557157,-5.703632503280066,-53.36334571280399,-6.574528573540612,-50.15983032557157,-6.509404320711192,-38.74923105619638,-5.179481083414232,-10.820795046289444,-2.1647358110770814,-11.509941304842684,-2.2574489821792825
2019-01-23,,0.06297056810403834,,,,,,,,,,,,,,,,,,,,
2019-01-24,,0.06570841889117048,,,,,,,,,,,,,,,,,,,,
2019-01-25,0.83,0.06844626967830257,-38.81281980243222,-5.284795782473732,-62.71083677517527,-7.346311059168286,-30.934499209891865,-4.139235831301585,-39.931627633841956,-4.505500437315626,-12.00319162393502,-2.2622090329985562,-10.766978354604653,-1.5595138987994335,-54.54574229044957,-6.842533598987169,-54.54574229044957,-6.842533598987169,-39.931627633841956,-5.284795782473732,-33.144572844951746,-5.284795782473732
2019-01-26,,0.07118412046543464,,,,,,,,,,,,,,,,,,,,
2019-01-27,,0.07392197125256673,,,,,,,,,,,,,,,,,,,,
2019-01-28,,0.0766598220396988,,,,,,,,,,,,,,,,,,,,
2019-01-29,,0.07939767282683088,,,,,,,,,,,,,,,,,,,,
2019-01-30,,0.08213552361396295,,,,,,,,,,,,,,,,,,,,
2019-01-31,,0.08487337440109509,,,,,,,,,,,,,,,,,,,,
2019-02-01,,0.08761122518822717,,,,,,,,,,,,,,,,,,,,
2019-02-02,,0.09034907597535924,,,,,,,,,,,,,,,,,,,,
2019-02-03,1.19,0.09308692676249149,-54.711189769589666,-6.949728973743526,-66.07979964154778,-7.576795023367811,-16.06130074886078,-2.6326493823821964,-36.513535711324266,-4.783227615597065,-30.602540003189425,-4.116230234908497,-14.701727326690339,-1.921401045171618,-15.37215449030754,-2.5399362112799952,-54.711189769589666,-6.07883290348298,-30.602540003189425,-2.6326493823821964,-36.513535711324266,-4.783227615597065
2019-02-04,1.0899999999999999,0.09582477754962355,-61.51257111312311,-7.149560129924719,-31.03699705463913,-4.145529587564607,-55.0666048633446,-6.913904073570216,-15.057142420445274,-1.9507003978277284,-56.37157760872829,-6.913904073570216,-15.727569584062476,-2.5692355639361057,-55.0666048633446,-6.913904073570216,-36.8689508050792,-4.8125269682531755,-31.03699705463913,-4.446262362239135,-58.27012025057702,-7.149560129924719
2019-02-05,,0.09856262833675562,,,,,,,,,,,,,,,,,,,,
2019-02-06,,0.10130047912388775,,,,,,,,,,,,,,,,,,,,
2019-02-07,1.4,0.10403832991101981,-32.07776605539386,-4.231327457498874,-16.097911421200003,-2.0364982677619947,-59.31088925133176,-7.691892245958188,-17.457484843370445,-2.655033433870372,-45.62737319082482,-5.811209057504046,-43.57796676331441,-5.669778706207523,-44.69677459472414,-5.677620183345548,-17.457484843370445,-2.747746604972573,-35.699646170774045,-4.532060232173401,-37.90971980583393,-4.898324838187442
2019-02-08,,0.10677618069815187,,,,,,,,,,,,,,,,,,,,
2019-02-09,,0.10951403148528416,,,,,,,,,,,,,,,,,,,,
2019-02-10,,0.11225188227241624,,,,,,,,,,,,,,,,,,,,
2019-02-11,,0.11498973305954834,,,,,,,,,,,,,,,,,,,,
2019-02-12,,0.1177275838466804,,,,,,,,,,,,,,,,,,,,
2019-02-13,,0.1204654346338125,,,,,,,,,,,,,,,,,,,,
2019-02-14,,0.12320328542094461,,,,,,,,,,,,,,,,,,,,
2019-02-15,,0.12594113620807668,,,,,,,,,,,,,,,,,,,,
2019-02-16,,0.12867898699520888,,,,,,,,,,,,,,,,,,,,
2019-02-17,,0.13141683778234095,,,,,,,,,,,,,,,,,,,,
2019-02-18,,0.13415468856947305,,,,,,,,,,,,,,,,,,,,
2019-02-19,,0.13689253935660514,,,,,,,,,,,,,,,,,,,,
2019-02-20,,0.1396303901437372,,,,,,,,,,,,,,,,,,,,
2019-02-21,,0.14236824093086928,,,,,,,,,,,,,,,,,,,,
2019-02-22,0.89,0.14510609171800137,-22.004463783780793,-4.606166742143472,-49.24375353513449,-6.044617990852121,-60.65435280450968,-7.374541228149081,-48.124945703724755,-5.27316412283204,-21.315317525227552,-3.0298727185149703,-54.13948558999572,-6.052459467990146,-20.079104255897185,-2.3271775843158475,-21.315317525227552,-3.0298727185149703,-20.079104255897185,-2.3271775843158475,-50.17435213123517,-6.044617990852121
2019-02-23,,0.14784394250513347,,,,,,,,,,,,,,,,,,,,
2019-02-24,,0.15058179329226554,,,,,,,,,,,,,,,,,,,,
2019-02-25,,0.1533196440793976,,,,,,,,,,,,,,,,,,,,
2019-02-26,0.63,0.1560574948665297,-37.62748299280244,-4.688829450373842,-55.14222358699396,-7.457203936379451,-41.249363108182635,-4.8770074455892445,-23.007201780779027,-3.205248597847542,-23.007201780779027,-3.205248597847542,-50.24649153213272,-6.268711050379014,-37.62748299280244,-4.8770074455892445,-68.10305705128641,-8.149394238833157,-43.45943674324251,-5.35582683106241,-62.9620635468916,-7.522328189208872
2019-02-27,,0.15879534565366177,,,,,,,,,,,,,,,,,,,,
2019-02-28,,0.16153319644079384,,,,,,,,,,,,,,,,,,,,
2019-03-01,,0.1642710472279259,,,,,,,,,,,,,,,,,,,,
2019-03-02,,0.1670088980150581,,,,,,,,,,,,,,,,,,,,
2019-03-03,,0.16974674880219018,,,,,,,,,,,,,,,,,,,,
2019-03-04,,0.17248459958932227,,,,,,,,,,,,,,,,,,,,
2019-03-05,,0.17522245037645434,,,,,,,,,,,,,,,,,,,,
2019-03-06,,0.17796030116358644,,,,,,,,,,,,,,,,,,,,
2019-03-07,16.830000000000002,0.18069815195071848,-43.14073752289582,-5.145481450076098,-63.548465216221096,-7.6782474142366,-74.91707508817922,-8.352556677942799,-69.99443146599961,-8.305313463860886,-43.14073752289582,-5.511746056090139,-22.973216667608604,-2.649919485664692,-23.53900277332177,-3.2684546517730695,-63.548465216221096,-7.6782474142366,-63.548465216221096,-7.61312316140718,-66.75198060345352,-7.6782474142366
2019-03-08,,0.18343600273785102,,,,,,,,,,,,,,,,,,,,
2019-03-09,3.97,0.18617385352498297,-23.887243922891415,-2.6786274399128187,-53.41670569251623,-6.836059298224181,-63.89670636579074,-6.836059298224181,-23.32145781717825,-2.5944674718220733,-24.557671086508616,-3.389875777123397,-43.488978672465464,-5.174189404324225,-25.246817345061856,-3.297162606021196,-53.41670569251623,-6.836059298224181,-67.10022175302316,-7.877487172009809,-52.48610709641555,-6.319749355496372
2019-03-10,0.48,0.18891170431211515,-40.03105949237728,-5.075151071829108,-24.721632021800627,-3.4033922240874053,-70.50663355086127,-8.394781079154933,-24.051204858183425,-2.692143886876827,-25.410778280353867,-4.886973076613706,-67.26418268831517,-8.34753786507302,-53.58066662780824,-6.33326580246038,-23.48541875247026,-2.6079839187860814,-24.051204858183425,-2.692143886876827,-51.53126020029783,-5.187705851288233
2019-03-11,6.75,0.1916495550992471,-46.02013572379224,-5.566923162635212,-64.21778978205764,-7.668300267952253,-65.52276252744132,-7.903956324306755,-67.42130516929006,-7.733424520781673,-67.42130516929006,-7.733424520781673,-40.188181973352165,-5.088103777162046,-46.02013572379224,-6.338377030655293,-70.66375603183614,-7.903956324306755,-70.66375603183614,-8.407733784487872,-52.807190512682446,-6.338377030655293
2019-03-12,,0.19438740588637934,,,,,,,,,,,,,,,,,,,,
2019-03-13,,0.19712525667351125,,,,,,,,,,,,,,,,,,,,
2019-03-14,,0.19986310746064354,,,,,,,,,,,,,,,,,,,,
2019-03-15,6.08,0.2026009582477755,-26.127106879494747,-3.462444201937165,-52.24758879943871,-6.384476303172114,-26.127106879494747,-3.462444201937165,-67.98051128745605,-7.950055596823576,-67.98051128745605,-7.950055596823576,-24.767533457324305,-2.7511958647265864,-40.66834613382339,-5.1342030496788675,-76.14560577218175,-8.453833057004694,-64.77699590022362,-7.779523793298495,-40.74738809151816,-4.946025054463465
2019-03-16,2.84,0.20533880903490773,-53.488670355225786,-6.402397658835439,-68.1027850118334,-7.960135475348876,-58.38440241008702,-6.9187076015632485,-58.38440241008702,-6.535986532993937,-25.56023434531885,-3.3798109093602635,-25.56023434531885,-3.4725240804624646,-66.20424236998466,-7.789603671823794,-26.24938060387209,-3.3798109093602635,-24.324021075988483,-2.6771157751611407,-58.38440241008702,-7.724479418994374
2019-03-17,,0.20807665982203963,,,,,,,,,,,,,,,,,,,,
2019-03-18,,0.21081451060917186,,,,,,,,,,,,,,,,,,,,
2019-03-19,,0.21355236139630374,,,,,,,,,,,,,,,,,,,,
2019-03-20,,0.216290212183436,,,,,,,,,,,,,,,,,,,,
2019-03-21,,0.21902806297056832,,,,,,,,,,,,,,,,,,,,
2019-03-22,,0.2217659137577002,,,,,,,,,,,,,,,,,,,,
2019-03-23,0.28,0.22450376454483248,-53.025592718865745,-6.4564540862905675,-54.14440055027548,-6.448612609152542,-59.04013260513671,-6.972764029018377,-47.35734576138527,-6.448612609152542,-41.44635005325043,-5.0101613604438935,-53.025592718865745,-6.590042960449066,-26.905110798921783,-3.526580507917593,-41.44635005325043,-5.0101613604438935,-45.14727212632539,-5.310894135118421,-54.14440055027548,-5.6771587411324616
2019-03-24,7.930000000000001,0.22724161533196433,-53.09033778764213,-5.682496130107088,-65.61974488842705,-7.783873235424129,-76.98835476038516,-8.523306751959748,-54.20914561905186,-6.978101417993003,-26.969855867698165,-3.5319178968922196,-25.610282445527723,-2.820669559681641,-59.104877673913094,-6.595380349423692,-25.610282445527723,-2.820669559681641,-41.59013707972158,-5.01549874941852,-59.104877673913094,-6.595380349423692
2019-03-25,,0.22997946611909667,,,,,,,,,,,,,,,,,,,,
2019-03-26,,0.23271731690622846,,,,,,,,,,,,,,,,,,,,
2019-03-27,,0.2354551676933608,,,,,,,,,,,,,,,,,,,,
2019-03-28,,0.23819301848049268,,,,,,,,,,,,,,,,,,,,
2019-03-29,,0.240930869267625,,,,,,,,,,,,,,,,,,,,
2019-03-30,,0.24366872005475684,,,,,,,,,,,,,,,,,,,,
2019-03-31,2.79,0.24640657084188922,-53.33835842272382,-6.615826425521579,-59.35289830899479,-6.482237551363081,-41.83815771480327,-5.224122820731809,-53.33835842272382,-6.482237551363081,-67.17273826889243,-7.869443564351436,-45.46003783018347,-5.336677600190934,-53.33835842272382,-6.482237551363081,-25.29251697489625,-2.7569556676887825,-47.670111465243345,-5.702942206204975,-41.7591157571085,-5.035944825516407
2019-04-01,2.67,0.24914442162902098,-72.3197239074037,-8.49700358751181,-27.223868636896313,-3.5528579465261942,-65.87375765762519,-6.999041467626978,-41.84414984891973,-5.337171573727022,-25.86429521472587,-3.460144775423993,-54.46315838825001,-6.482731524899169,-47.6761035993598,-5.703436179741063,-26.534722378343073,-3.5528579465261942,-26.534722378343073,-3.460144775423993,-45.46602996429992,-5.224616794267897
2019-04-02,,0.25188227241615335,,,,,,,,,,,,,,,,,,,,
2019-04-03,,0.25462012320328514,,,,,,,,,,,,,,,,,,,,
2019-04-04,0.76,0.25735797399041777,-67.15246076289263,-7.86777194767079,-53.31808091672403,-6.47272445754441,-41.73883825110871,-5.034273208835761,-41.73883825110871,-5.222451204051163,-72.29345426728746,-8.494837997295075,-69.05100340474138,-8.038303751195873,-54.43688874813376,-6.47272445754441,-25.838025574609624,-2.839444019098882,-55.36748734423444,-6.614154808840933,-25.27223946889646,-2.7552840510081364
2019-04-05,,0.26009582477754956,,,,,,,,,,,,,,,,,,,,
2019-04-06,,0.2628336755646819,,,,,,,,,,,,,,,,,,,,
2019-04-07,,0.2655715263518137,,,,,,,,,,,,,,,,,,,,
2019-04-08,,0.2683093771389461,,,,,,,,,,,,,,,,,,,,
2019-04-09,,0.2710472279260779,,,,,,,,,,,,,,,,,,,,
2019-04-10,3.63,0.2737850787132103,-45.18859225887343,-5.314300442719294,-59.08145273768475,-7.781942154050376,-66.90129269758239,-7.781942154050376,-68.79983533943113,-8.017598210404879,-54.185720682823515,-6.459860393891441,-45.18859225887343,-5.314300442719294,-26.94643093146982,-3.5299868155184666,-45.18859225887343,-5.201745663260169,-72.04228620197722,-8.474132456504082,-47.398665893933305,-5.314300442719294
2019-04-11,7.890000000000001,0.276522929500342,-41.420192511709104,-5.008005011296931,-26.87895325738046,-3.5244241587706306,-41.49923446940387,-5.196183006512333,-26.87895325738046,-5.008005011296931,-41.420192511709104,-5.008005011296931,-45.12111458478407,-5.308737785971458,-26.87895325738046,-3.5244241587706306,-52.99943517732442,-6.454297737143605,-26.87895325738046,-3.5244241587706306,-45.12111458478407,-5.308737785971458
2019-04-12,2.84,0.2792607802874744,-66.75906443849019,-7.835341536456367,-25.44462925020717,-3.425548773992836,-58.93922447859254,-6.964445466195821,-47.2564376348411,-5.302575572295865,-41.34544192670626,-5.19002079283674,-26.804202672377613,-5.001842797621338,-71.90005794288501,-8.462407586080651,-24.878843144494006,-2.7228536397937133,-66.75906443849019,-7.7702172836269465,-41.42448388440103,-5.302575572295865
2019-04-13,,0.28199863107460615,,,,,,,,,,,,,,,,,,,,
2019-04-14,,0.28473648186173856,,,,,,,,,,,,,,,,,,,,
2019-04-15,,0.2874743326488703,,,,,,,,,,,,,,,,,,,,
2019-04-16,,0.29021218343600275,,,,,,,,,,,,,,,,,,,,
2019-04-17,,0.2929500342231352,,,,,,,,,,,,,,,,,,,,
2019-04-18,,0.29568788501026694,,,,,,,,,,,,,,,,,,,,
2019-04-19,,0.29842573579739934,,,,,,,,,,,,,,,,,,,,
2019-04-20,,0.3011635865845311,,,,,,,,,,,,,,,,,,,,
2019-04-21,,0.30390143737166353,,,,,,,,,,,,,,,,,,,,
2019-04-22,,0.3066392881587952,,,,,,,,,,,,,,,,,,,,
2019-04-23,3.63,0.30937713894592767,-43.75194553539487,-5.562132208561193,-57.64480601420619,-6.8577374964471085,-24.82063794943802,-3.3188408042441235,-40.051023462319904,-4.895134827872625,-67.36318861595257,-7.899165370232737,-75.52828310067827,-8.402942830413853,-65.46464597410383,-7.899165370232737,-51.63026612793522,-6.333586076581274,-24.82063794943802,-2.700305638135746,-57.64480601420619,-6.8577374964471085
2019-04-24,7.07,0.3121149897330594,-39.89133100333874,-4.881970261273108,-75.3685906416971,-8.342535049732422,-39.89133100333874,-5.07014825648851,-45.80232671147358,-5.182703035947635,-63.99998076973898,-7.650344747278717,-57.48511355522503,-6.46185186127828,-39.97037296103351,-5.07014825648851,-25.350091749010097,-4.881970261273108,-67.20349615697141,-7.715469000108137,-25.350091749010097,-4.881970261273108
2019-04-25,,0.31485284052019186,,,,,,,,,,,,,,,,,,,,
2019-04-26,,0.31759069130732354,,,,,,,,,,,,,,,,,,,,
2019-04-27,,0.32032854209445605,,,,,,,,,,,,,,,,,,,,
2019-04-28,,0.32306639288158767,,,,,,,,,,,,,,,,,,,,
2019-04-29,2.1799999999999997,0.3258042436687204,-24.4503374524824,-3.324216367418424,-24.4503374524824,-4.8077972199447245,-50.570819372426364,-6.2540899457913985,-51.689627203836096,-5.474794600633293,-66.30374186044371,-7.811827762304835,-63.100226473211286,-6.770399888519208,-52.620225799936776,-6.2540899457913985,-23.76119119392916,-3.231503196316223,-24.4503374524824,-3.324216367418424,-24.4503374524824,-3.324216367418424
2019-04-30,,0.3285420944558518,,,,,,,,,,,,,,,,,,,,
2019-05-01,,0.33127994524298454,,,,,,,,,,,,,,,,,,,,
2019-05-02,,0.3340177960301162,,,,,,,,,,,,,,,,,,,,
2019-05-03,,0.3367556468172486,,,,,,,,,,,,,,,,,,,,
2019-05-04,,0.33949349760438036,,,,,,,,,,,,,,,,,,,,
2019-05-05,,0.34223134839151276,,,,,,,,,,,,,,,,,,,,
2019-05-06,,0.34496919917864455,,,,,,,,,,,,,,,,,,,,
2019-05-07,,0.347707049965777,,,,,,,,,,,,,,,,,,,,
2019-05-08,,0.3504449007529087,,,,,,,,,,,,,,,,,,,,
2019-05-09,,0.35318275154004103,,,,,,,,,,,,,,,,,,,,
2019-05-10,,0.3559206023271729,,,,,,,,,,,,,,,,,,,,
2019-05-11,,0.3586584531143053,,,,,,,,,,,,,,,,,,,,
2019-05-12,,0.36139630390143695,,,,,,,,,,,,,,,,,,,,
2019-05-13,,0.36413415468856963,,,,,,,,,,,,,,,,,,,,
2019-05-14,,0.36687200547570203,,,,,,,,,,,,,,,,,,,,
2019-05-15,,0.36960985626283366,,,,,,,,,,,,,,,,,,,,
2019-05-16,,0.37234770704996595,,,,,,,,,,,,,,,,,,,,
2019-05-17,,0.37508555783709796,,,,,,,,,,,,,,,,,,,,
2019-05-18,0.28,0.3778234086242303,-17.683733233416554,-2.1297103929582364,-51.74411456751509,-6.371302219360344,-18.24951933912972,-2.213870361048982,-40.06132772376365,-5.84715079949451,-61.46249716926147,-7.24219828962089,-45.729574681244124,-5.84715079949451,-40.06132772376365,-4.596877546001263,-19.60909276130016,-2.9251186982595603,-19.60909276130016,-4.408699550785861,-19.60909276130016,-2.832405527157359
2019-05-19,,0.38056125941136193,,,,,,,,,,,,,,,,,,,,
2019-05-20,,0.3832991101984942,,,,,,,,,,,,,,,,,,,,
2019-05-21,,0.3860369609856263,,,,,,,,,,,,,,,,,,,,
2019-05-22,,0.3887748117727587,,,,,,,,,,,,,,,,,,,,
2019-05-23,0.56,0.3915126625598903,-36.246718290999254,-4.943423820364763,-16.644983541425212,-1.9974372818485704,-16.079197435712047,-1.9974372818485704,-18.004556963595654,-2.700132416047693,-36.246718290999254,-4.464604434891597,-56.65444598432454,-7.044800925681804,-44.12503888353962,-5.856308039681367,-50.13957876981058,-6.239029108250678,-56.65444598432454,-7.109925178511224,-68.02305585628265,-7.784234442217423
2019-05-24,,0.3942505133470225,,,,,,,,,,,,,,,,,,,,
2019-05-25,,0.39698836413415467,,,,,,,,,,,,,,,,,,,,
2019-05-26,,0.39972621492128707,,,,,,,,,,,,,,,,,,,,
2019-05-27,,0.4024640657084187,,,,,,,,,,,,,,,,,,,,
2019-05-28,,0.405201916495551,,,,,,,,,,,,,,,,,,,,
2019-05-29,,0.40793976728268316,,,,,,,,,,,,,,,,,,,,
2019-05-30,,0.41067761806981545,,,,,,,,,,,,,,,,,,,,
2019-05-31,,0.41341546885694697,,,,,,,,,,,,,,,,,,,,
2019-06-01,,0.41615331964407926,,,,,,,,,,,,,,,,,,,,
2019-06-02,,0.4188911704312115,,,,,,,,,,,,,,,,,,,,
2019-06-03,,0.4216290212183437,,,,,,,,,,,,,,,,,,,,
2019-06-04,,0.42436687200547535,,,,,,,,,,,,,,,,,,,,
2019-06-05,,0.42710472279260747,,,,,,,,,,,,,,,,,,,,
2019-06-06,,0.4298425735797398,,,,,,,,,,,,,,,,,,,,
2019-06-07,,0.432580424366872,,,,,,,,,,,,,,,,,,,,
2019-06-08,,0.4353182751540036,,,,,,,,,,,,,,,,,,,,
2019-06-09,,0.43805612594113663,,,,,,,,,,,,,,,,,,,,
2019-06-10,,0.44079397672826875,,,,,,,,,,,,,,,,,,,,
2019-06-11,,0.4435318275154004,,,,,,,,,,,,,,,,,,,,
2019-06-12,,0.44626967830253256,,,,,,,,,,,,,,,,,,,,
2019-06-13,,0.44900752908966496,,,,,,,,,,,,,,,,,,,,
2019-06-14,,0.45174537987679714,,,,,,,,,,,,,,,,,,,,
2019-06-15,,0.45448323066392865,,,,,,,,,,,,,,,,,,,,
2019-06-16,,0.45722108145106083,,,,,,,,,,,,,,,,,,,,
2019-06-17,,0.45995893223819334,,,,,,,,,,,,,,,,,,,,
2019-06-18,,0.4626967830253254,,,,,,,,,,,,,,,,,,,,
2019-06-19,,0.4654346338124569,,,,,,,,,,,,,,,,,,,,
2019-06-20,,0.4681724845995891,,,,,,,,,,,,,,,,,,,,
2019-06-21,,0.4709103353867216,,,,,,,,,,,,,,,,,,,,
2019-06-22,,0.4736481861738539,,,,,,,,,,,,,,,,,,,,
2019-06-23,,0.47638603696098536,,,,,,,,,,,,,,,,,,,,
2019-06-24,,0.4791238877481175,,,,,,,,,,,,,,,,,,,,
2019-06-25,,0.48186173853525,,,,,,,,,,,,,,,,,,,,
2019-06-26,,0.4845995893223822,,,,,,,,,,,,,,,,,,,,
2019-06-27,,0.4873374401095137,,,,,,,,,,,,,,,,,,,,
2019-06-28,,0.49007529089664575,,,,,,,,,,,,,,,,,,,,
2019-06-29,,0.49281314168377843,,,,,,,,,,,,,,,,,,,,
2019-06-30,,0.49555099247091045,,,,,,,,,,,,,,,,,,,,
2019-07-01,,0.49828884325804196,,,,,,,,,,,,,,,,,,,,
2019-07-02,,0.501026694045174,,,,,,,,,,,,,,,,,,,,
2019-07-03,,0.5037645448323067,,,,,,,,,,,,,,,,,,,,
2019-07-04,,0.5065023956194388,,,,,,,,,,,,,,,,,,,,
2019-07-05,,0.5092402464065703,,,,,,,,,,,,,,,,,,,,
2019-07-06,,0.5119780971937035,,,,,,,,,,,,,,,,,,,,
2019-07-07,,0.5147159479808355,,,,,,,,,,,,,,,,,,,,
2019-07-08,,0.5174537987679672,,,,,,,,,,,,,,,,,,,,
2019-07-09,,0.5201916495550991,,,,,,,,,,,,,,,,,,,,
2019-07-10,,0.5229295003422318,,,,,,,,,,,,,,,,,,,,
2019-07-11,,0.5256673511293638,,,,,,,,,,,,,,,,,,,,
2019-07-12,,0.5284052019164954,,,,,,,,,,,,,,,,,,,,
2019-07-13,,0.5311430527036274,,,,,,,,,,,,,,,,,,,,
2019-07-14,,0.5338809034907602,,,,,,,,,,,,,,,,,,,,
2019-07-15,,0.5366187542778922,,,,,,,,,,,,,,,,,,,,
2019-07-16,,0.5393566050650237,,,,,,,,,,,,,,,,,,,,
2019-07-17,,0.5420944558521558,,,,,,,,,,,,,,,,,,,,
2019-07-18,,0.5448323066392885,,,,,,,,,,,,,,,,,,,,
2019-07-19,,0.5475701574264206,,,,,,,,,,,,,,,,,,,,
2019-07-20,,0.5503080082135521,,,,,,,,,,,,,,,,,,,,
2019-07-21,,0.553045859000684,,,,,,,,,,,,,,,,,,,,
2019-07-22,,0.555783709787817,,,,,,,,,,,,,,,,,,,,
2019-07-23,,0.5585215605749488,,,,,,,,,,,,,,,,,,,,
2019-07-24,,0.5612594113620805,,,,,,,,,,,,,,,,,,,,
2019-07-25,,0.5639972621492123,,,,,,,,,,,,,,,,,,,,
2019-07-26,,0.5667351129363453,,,,,,,,,,,,,,,,,,,,
2019-07-27,,0.5694729637234771,,,,,,,,,,,,,,,,,,,,
2019-07-28,,0.5722108145106086,,,,,,,,,,,,,,,,,,,,
2019-07-29,,0.5749486652977406,,,,,,,,,,,,,,,,,,,,
2019-07-30,,0.577686516084874,,,,,,,,,,,,,,,,,,,,
2019-07-31,,0.5804243668720055,,,,,,,,,,,,,,,,,,,,
2019-08-01,,0.583162217659137,,,,,,,,,,,,,,,,,,,,
2019-08-02,0.25,0.5859000684462704,-17.663332216550135,-3.5059375240442066,-17.663332216550135,-3.8886585926135178,-28.14333288982465,-3.8886585926135178,10.506556130904237,-0.4424750715127339,-15.613925789039726,-2.2267886987135617,11.866129553074678,0.26877326569784454,-21.628465675310693,-3.8886585926135178,11.866129553074678,0.26877326569784454,-15.613925789039726,-3.364507172747683,11.866129553074678,0.26877326569784454
2019-08-03,1.05,0.5886379192334024,-9.57980268682303,-2.1966269684397304,-3.6688069786881865,-0.4123133412389026,-34.22342299486694,-5.356458982224518,-9.57980268682303,-2.5628915744537712,-3.6688069786881865,-0.4123133412389026,11.561578534193696,-0.3196001701367015,-3.6688069786881865,-2.0840721889806058,-16.36685747571324,-3.342186919611877,-17.297456071813915,-3.4757757937703753,-34.22342299486694,-5.356458982224518
2019-08-04,,0.5913757700205339,,,,,,,,,,,,,,,,,,,,
2019-08-05,,0.5941136208076657,,,,,,,,,,,,,,,,,,,,
2019-08-06,,0.5968514715947987,,,,,,,,,,,,,,,,,,,,
2019-08-07,0.84,0.5995893223819306,-5.946272979949182,-2.445546131979915,-14.943401403899273,-3.3584303512965192,-37.722610545232584,-5.286356753832575,-5.946272979949182,-1.9667267465067497,12.295888347454422,-0.2949678987650466,-2.32439286456899,-1.9667267465067497,-32.79996692305297,-4.782579293651459,12.295888347454422,-0.2949678987650466,-2.32439286456899,-1.9667267465067497,-13.82459357248954,-3.2169999999999956
2019-08-08,,0.6023271731690621,,,,,,,,,,,,,,,,,,,,
2019-08-09,3.7600000000000002,0.605065023956194,-19.152904508773208,-3.684580766672429,14.341690719612165,0.47285109163893324,-15.18777105001265,-3.684580766672429,13.671263555994964,-0.1456840744694441,-1.638163914581689,-1.9101560933133483,-14.257172453911974,-3.16827082394462,14.90747682532533,0.5570110597296787,-14.257172453911974,-3.301859698103118,-28.87128711051959,-4.555476836932975,-1.5591219568869192,-1.9101560933133483
2019-08-10,,0.6078028747433271,,,,,,,,,,,,,,,,,,,,
2019-08-11,,0.6105407255304589,,,,,,,,,,,,,,,,,,,,
2019-08-12,,0.6132785763175904,,,,,,,,,,,,,,,,,,,,
2019-08-13,,0.6160164271047224,,,,,,,,,,,,,,,,,,,,
2019-08-14,,0.6187542778918553,,,,,,,,,,,,,,,,,,,,
2019-08-15,,0.6214921286789873,,,,,,,,,,,,,,,,,,,,
2019-08-16,,0.6242299794661188,,,,,,,,,,,,,,,,,,,,
2019-08-17,,0.6269678302532506,,,,,,,,,,,,,,,,,,,,
2019-08-18,,0.6297056810403837,,,,,,,,,,,,,,,,,,,,
2019-08-19,,0.6324435318275156,,,,,,,,,,,,,,,,,,,,
2019-08-20,,0.6351813826146471,,,,,,,,,,,,,,,,,,,,
2019-08-21,,0.6379192334017789,,,,,,,,,,,,,,,,,,,,
2019-08-22,,0.6406570841889121,,,,,,,,,,,,,,,,,,,,
2019-08-23,,0.6433949349760438,,,,,,,,,,,,,,,,,,,,
2019-08-24,,0.6461327857631753,,,,,,,,,,,,,,,,,,,,
2019-08-25,,0.6488706365503072,,,,,,,,,,,,,,,,,,,,
2019-08-26,,0.6516084873374408,,,,,,,,,,,,,,,,,,,,
2019-08-27,1.86,0.6543463381245722,3.712947561085448,-1.475542519639085,-9.91570153204028,-2.7336572502703564,18.25418681541409,0.28892949920481925,-2.1980481470493944,-1.9543619051122505,3.6339056033906783,0.19621632810261813,-2.1980481470493944,-1.9543619051122505,0.01202548801048664,-1.5880972990982094,-9.91570153204028,-2.7336572502703564,-13.88083499080084,-3.2499671929981657,-9.91570153204028,-2.7336572502703564
2019-08-28,9.309999999999999,0.6570841889117036,-26.602283143966037,-4.728195106951251,20.418931654424963,1.0113588393356876,3.952332872212713,-1.2676303184919373,-9.676316220913016,-2.847511918497109,-21.461289639571213,-4.101129057326966,3.952332872212713,-1.4558083137073394,-8.74571762481234,-2.713923044338611,-21.461289639571213,-4.036004804497545,-23.359832281419955,-4.271660860852048,3.873290914517943,-1.5683630931664638
2019-08-29,8.34,0.6598220396988372,-23.12660051961387,-4.252433935040973,4.106522676324028,-1.5491361673553887,-9.443084459106931,-2.828284992686034,-9.443084459106931,-2.828284992686034,0.4846425609438363,-1.9154007733694298,-23.12660051961387,-4.252433935040973,-26.369051382159952,-4.708968181140176,-26.369051382159952,-4.708968181140176,20.652163416231048,0.9464257970560173,-13.408217917867491,-3.211006061255345
2019-08-30,,0.6625598904859691,,,,,,,,,,,,,,,,,,,,
2019-08-31,,0.6652977412731006,,,,,,,,,,,,,,,,,,,,
2019-09-01,,0.6680355920602324,,,,,,,,,,,,,,,,,,,,
2019-09-02,,0.6707734428473655,,,,,,,,,,,,,,,,,,,,
2019-09-03,,0.6735112936344972,,,,,,,,,,,,,,,,,,,,
2019-09-04,,0.6762491444216289,,,,,,,,,,,,,,,,,,,,
2019-09-05,,0.6789869952087607,,,,,,,,,,,,,,,,,,,,
2019-09-06,,0.6817248459958938,,,,,,,,,,,,,,,,,,,,
2019-09-07,,0.6844626967830255,,,,,,,,,,,,,,,,,,,,
2019-09-08,,0.6872005475701571,,,,,,,,,,,,,,,,,,,,
2019-09-09,,0.6899383983572891,,,,,,,,,,,,,,,,,,,,
2019-09-10,,0.692676249144422,,,,,,,,,,,,,,,,,,,,
2019-09-11,,0.695414099931554,,,,,,,,,,,,,,,,,,,,
2019-09-12,4.5,0.6981519507186857,-4.809771956750922,-2.4816866638154913,-5.928579788160655,-2.6152755379739894,-20.54269444476827,-4.039424480328928,-5.928579788160655,-2.473845186677466,-20.54269444476827,-4.039424480328928,0.8584750007295558,-1.336126712643344,3.068548635789437,-1.336126712643344,21.31070996319304,0.4481869145574835,-18.644151802919527,-3.8037684239744256,-4.809771956750922,-2.6152755379739894
2019-09-13,,0.7008898015058174,,,,,,,,,,,,,,,,,,,,
2019-09-14,,0.7036276522929504,,,,,,,,,,,,,,,,,,,,
2019-09-15,0.6699999999999999,0.7063655030800821,-23.40512895215914,-4.00809707358559,21.690726318348254,0.4795143213008215,-4.4297556015957085,-2.4425177799341276,-10.444295487866677,-2.583948131230651,-20.162678089613056,-4.464631319684793,-18.264135447764314,-3.7724410172310874,7.1494870640196115,-1.0040665312254795,1.238491355884769,-1.6710639119140471,21.690726318348254,0.4795143213008215,-16.95916270238063,-3.7724410172310874
2019-09-16,0.3,0.7091033538672139,-28.215251839723507,-4.502598662419246,7.262007798634853,-0.9947906598780182,21.803247052963496,0.4887901926482827,23.162820475133937,1.2000385298588612,-18.151614713149073,-3.998821202238129,-4.317234866980467,-1.661788040566586,1.3510120905000105,-2.4332419085866666,23.162820475133937,1.2841984979496066,-5.4360426983902,-2.57467225988319,3.5610857255598916,-1.2955234345525448
2019-09-17,,0.7118412046543457,,,,,,,,,,,,,,,,,,,,
2019-09-18,6.3500000000000005,0.7145790554414786,3.7646972027061665,-1.2787383160289802,-6.163029817344602,-2.4242982672011273,22.00685853010977,-0.9780055413544536,-5.2324312212439255,-2.5578871413596254,7.386577318086358,-1.1661835365698558,-4.113623389834192,-1.6450029220430213,7.386577318086358,-1.1661835365698558,-10.12816327610516,-2.4242982672011273,-5.2324312212439255,-2.4242982672011273,-4.113623389834192,-2.5578871413596254
2019-09-19,25.099999999999994,0.7173169062286106,-10.03713278548605,-3.73887574717058,-19.75551538723243,-4.4310660496242855,-27.92060987195812,-4.478309263706199,7.556649766400239,-1.1586792563803736,7.47760780870547,-1.1586792563803736,-16.552000000000003,-3.73887574717058,-27.92060987195812,-4.478309263706199,-17.856972745383686,-3.73887574717058,-16.552000000000003,-3.73887574717058,-22.99796624977851,-4.4310660496242855
2019-09-20,2.22,0.7200547570157423,-17.773162379442816,-3.7970909251996137,-5.98818896078462,-2.5434737863697565,-3.93878253327421,-2.402043435073233,22.181699386669752,0.6127018372639172,7.56141817464634,-1.151770181579987,-5.057590364683944,-2.4098849122112584,7.56141817464634,-0.9635921863645848,-5.98818896078462,-2.4098849122112584,24.10705891455336,1.31539697146304,23.541272808840194,1.2312370033722946
2019-09-21,,0.7227926078028739,,,,,,,,,,,,,,,,,,,,
2019-09-22,0.54,0.7255304585900074,23.687136107234643,1.2432615355160794,23.01670894361744,0.6247263694077021,23.687136107234643,1.3274215036068249,7.707281473040789,-1.1397456494362022,23.687136107234643,1.2432615355160794,-4.911727066289495,-2.5314492542259717,24.25292221294781,1.3274215036068249,1.8753277226007161,-2.390018902929448,-5.842325662390171,-2.5314492542259717,24.25292221294781,1.3274215036068249
2019-09-23,,0.7282683093771393,,,,,,,,,,,,,,,,,,,,
2019-09-24,10.780000000000001,0.7310061601642704,7.903036530550255,-1.130124172095635,-4.795013966474799,-2.3882389027269064,-4.795013966474799,-2.9045488454547157,23.80384920704934,1.2528830128566466,7.903036530550255,-0.9419461768802327,7.903036530550255,-0.9419461768802327,-3.676206135065065,-2.380397425588881,-27.574223107808105,-4.44975417942146,24.369635312762504,1.2528830128566466,-16.205613235849988,-3.7103206628858407
2019-09-25,53.47,0.7337440109514041,-27.526842403244768,-4.445848256469709,-9.643365316772696,-3.7064147399340897,-27.526842403244768,-4.445848256469709,-27.526842403244768,-4.445848256469709,-27.526842403244768,-4.445848256469709,-22.604198781065158,-4.398605042387795,-27.526842403244768,-4.445848256469709,-27.526842403244768,-4.445848256469709,-22.604198781065158,-4.445848256469709,-27.526842403244768,-4.445848256469709
2019-09-26,5.450000000000001,0.7364818617385355,24.457060075081806,1.3442500157275075,-22.564154723309194,-3.9387696844602282,7.990461292869556,-0.9347391421001173,-16.118188473530687,-3.7031136281057258,-16.118188473530687,-3.7031136281057258,-22.564154723309194,-4.3953039305594315,-17.42316121891437,-3.9387696844602282,-17.42316121891437,-3.7031136281057258,-27.486798345488804,-4.442547144641345,-5.638187800256174,-2.8973418106746003
2019-09-27,,0.7392197125256673,,,,,,,,,,,,,,,,,,,,
2019-09-28,2.35,0.7419575633127993,-19.263670909858607,-3.933985622319642,-3.5307484218412593,-2.368406328668179,-19.263670909858607,-3.933985622319642,22.589733498102703,0.5536257725667699,22.589733498102703,0.5536257725667699,-16.060155522626182,-2.892557748534014,-3.5307484218412593,-2.368406328668179,-5.580154849351669,-2.5098366799647027,-22.50612177240469,-4.390519868418846,-4.649556253250993,-2.3762478058062046
2019-09-29,2.69,0.7446954140999319,-17.34715654774515,-3.6968480313338725,-27.410793674319585,-4.436281547869491,23.296851476920658,0.5551073071980368,-17.34715654774515,-3.6968480313338725,8.066465964038775,-0.9284735453282641,24.533064746251025,1.3505156124993607,-4.631584532986278,-1.5954709260168318,-4.631584532986278,-1.5954709260168318,4.365543890963814,-1.2292063200027907,-16.042183802361468,-2.891076213902747
2019-09-30,4.09,0.747433264887064,7.998024739115438,-0.9275996527633706,-4.620983800214845,-2.5074812527685424,-17.336555814973718,-3.9316301951234816,24.543665479022458,1.3513895050642541,8.077066696810208,-0.9275996527633706,4.376144623735247,-1.2283324274378973,8.077066696810208,-0.9275996527633706,-17.336555814973718,-3.7610983915983995,2.1660709886753655,-1.5945970334519384,-3.5021759688051115,-2.366050901472019
2019-10-01,10.61,0.7501711156741959,-19.231871848471677,-3.9313642032238296,8.08029330516099,0.5562471916625822,-17.333329206622935,-3.7608323996987476,-27.39696633319737,-4.435141663404947,2.1692975970261483,-1.2280664355382453,2.1692975970261483,-2.365784909572367,-27.39696633319737,-4.435141663404947,-27.39696633319737,-4.435141663404947,-27.39696633319737,-4.435141663404947,-22.47432271101776,-4.387898449323033
2019-10-02,,0.7529089664613274,,,,,,,,,,,,,,,,,,,,
2019-10-03,,0.7556468172484606,,,,,,,,,,,,,,,,,,,,
2019-10-04,,0.758384668035592,,,,,,,,,,,,,,,,,,,,
2019-10-05,,0.7611225188227239,,,,,,,,,,,,,,,,,,,,
2019-10-06,,0.7638603696098561,,,,,,,,,,,,,,,,,,,,
2019-10-07,,0.7665982203969884,,,,,,,,,,,,,,,,,,,,
2019-10-08,,0.7693360711841207,,,,,,,,,,,,,,,,,,,,
2019-10-09,,0.7720739219712526,,,,,,,,,,,,,,,,,,,,
2019-10-10,,0.774811772758384,,,,,,,,,,,,,,,,,,,,
2019-10-11,,0.7775496235455174,,,,,,,,,,,,,,,,,,,,
2019-10-12,0.41,0.7802874743326486,-5.0676709415928345,-2.410715924689401,22.8607650683141,0.6118708247857745,-17.783242956351707,-3.732797684848336,-17.783242956351707,-3.732797684848336,23.531192231931303,0.6118708247857745,-16.478270210968024,-2.9270258674172105,7.630379555432219,0.5191576536835734,22.8607650683141,1.2304059908941518,1.7193838472973764,-2.4028744475513757,7.630379555432219,0.5191576536835734
2019-10-13,,0.7830253251197806,,,,,,,,,,,,,,,,,,,,
2019-10-14,3.11,0.7857631759069128,23.3545467943202,0.5973087055550437,7.3746921601263455,-1.1671633132888606,21.994973372149758,0.5045955344528426,1.5427384096862728,-1.279718092747985,21.994973372149758,0.5045955344528426,21.994973372149758,-0.9789853180734583,7.453734117821115,-1.1671633132888606,-19.858431035811552,-3.8124840569084872,7.3746921601263455,-1.1671633132888606,7.453734117821115,-0.9789853180734583
2019-10-15,,0.788501026694045,,,,,,,,,,,,,,,,,,,,
2019-10-16,0.4,0.7912388774811773,-16.86031763977942,-3.7642925272025094,-6.380316966504908,-2.442210767043575,21.789571380949464,0.4876628113293995,22.478717639502705,0.5803759824316006,-23.30628388955793,-4.456482829656215,-20.063833027011846,-4.456482829656215,-20.063833027011846,-3.9999485835570123,22.478717639502705,0.5803759824316006,23.71493090883307,1.2830711166307234,21.789571380949464,0.4876628113293995
2019-10-17,19.27,0.7939767282683093,-6.493727020050767,-2.5851488253306454,-16.97372769332528,-2.967869893899956,7.1349220730749625,-1.0052672253254733,-20.177243080557705,-4.465832013784787,-20.177243080557705,-4.465832013784787,-5.563128423950091,-2.967869893899956,-28.342337565283398,-4.513075227866701,-4.4443205925403575,-2.4515599511721473,7.055880115380193,-1.1934452205408754,-28.342337565283398,-4.513075227866701
2019-10-18,,0.7967145790554405,,,,,,,,,,,,,,,,,,,,
2019-10-19,8.49,0.7994524298425741,0.9758559313231889,-2.4641686553736584,-18.526770872325894,-4.029747949025121,6.807809681763262,-1.213895401880412,-20.425313514174636,-3.8592161455000387,-4.6923910261572885,-2.4641686553736584,23.35345042167028,1.2532717511626148,-5.811198857567022,-2.4641686553736584,-23.66776437672072,-4.533525409206238,-4.6923910261572885,-1.6927147873535777,-17.22179812694221,-3.794091892670618
2019-10-20,,0.8021902806297051,,,,,,,,,,,,,,,,,,,,
2019-10-21,1.8,0.8049281314168374,21.841081114076513,1.1463463088549166,-7.0179534919311,-3.0110855494564457,-10.983086950691659,-2.6283644808871345,-6.0873548958304236,-2.6283644808871345,23.07729438340688,1.230506276945662,-7.0179534919311,-2.6283644808871345,-17.497954165205613,-3.8168573668875707,21.841081114076513,0.5278111427465393,-7.0179534919311,-3.0110855494564457,21.841081114076513,0.5278111427465393
2019-10-22,1.22,0.8076659822039708,-29.01507330501041,-4.56853354134008,-29.01507330501041,-4.56853354134008,-7.16646275977778,-2.640607138804024,21.692571846229832,0.51556848482965,21.692571846229832,0.4228553137274489,6.462186333347949,-1.3614583134733786,6.383144375653179,-1.3614583134733786,-24.0924296828308,-4.521290327258166,-6.235864163677104,-2.507018264645526,-7.16646275977778,-2.640607138804024
2019-10-23,,0.810403832991102,,,,,,,,,,,,,,,,,,,,
2019-10-24,0.3,0.813141683778234,-11.449257533257486,-3.049515251898736,-7.484124074496926,-2.533205309170927,-29.332734619729557,-4.594720585865481,2.4436029455538417,-1.2750905785396554,-7.484124074496926,-2.5253638320329013,-21.167640135003865,-4.090943125684364,0.23352931049396064,-1.3876453579987797,20.685764272957446,0.4893814403042489,-7.484124074496926,-2.666794183329425,0.23352931049396064,-1.2750905785396554
2019-10-25,,0.8158795345653663,,,,,,,,,,,,,,,,,,,,
2019-10-26,10.31,0.8186173853524985,-29.677602938538183,-4.623150494077711,-5.7795859657951425,-1.41607526621101,-6.898393797204876,-1.7823398722250512,-29.677602938538183,-4.623150494077711,-21.51250845381249,-4.119373033896594,-18.308993066580065,-3.8837169775420914,-29.677602938538183,-4.623150494077711,22.266255482032427,1.1636466662911413,20.34089595414882,0.36823836098981744,5.720614742125408,-1.3035204867518857
2019-10-27,,0.8213552361396309,,,,,,,,,,,,,,,,,,,,
2019-10-28,2.94,0.824093086926763,-19.985632956724906,-3.914356100461715,-18.680660211341223,-3.914356100461715,5.427989555059019,-1.1459816144561072,20.658375067940902,0.33759923807019376,-19.985632956724906,-3.914356100461715,19.969228809387662,-1.1459816144561072,20.658375067940902,0.4303124091723949,-30.04927008329934,-4.653789616997335,1.727067481984058,-1.4467143891306338,-18.680660211341223,-3.914356100461715
2019-10-29,,0.8268309377138939,,,,,,,,,,,,,,,,,,,,
2019-10-30,,0.8295687885010273,,,,,,,,,,,,,,,,,,,,
2019-10-31,,0.8323066392881585,,,,,,,,,,,,,,,,,,,,
2019-11-01,0.8700000000000001,0.8350444900752906,4.606049571916946,-1.2137398775445138,-12.987732979969342,-3.1763425461189967,-30.871210066441414,-4.721547880085741,4.606049571916946,-1.2137398775445138,4.606049571916946,-1.2137398775445138,-20.80757293986698,-4.047238616379542,-1.3049461362178962,-1.8807372582330815,0.9051274988419848,-1.5144726522190404,-1.3049461362178962,-1.5144726522190404,19.83643508479883,0.3625541460839883
2019-11-02,1.62,0.837782340862423,18.925779544822447,0.34429358634115026,-26.170075725684946,-4.739808439828579,4.3845402904938044,0.25158041523894914,-1.526455417641038,-1.8989978179759195,-19.724109475906438,-4.00037492329296,-13.209242261392484,-4.00037492329296,-13.209242261392484,-3.1946031058618347,-19.724109475906438,-3.1946031058618347,0.683618217418843,-1.8989978179759195,-9.244108802631924,-2.670451685996
2019-11-03,7.67,0.840520191649555,18.697988816949334,0.32551520302254966,-13.437032989265598,-4.01915330661156,-26.39786645355806,-4.254809362966063,-9.471899530505038,-3.2133814891804353,-19.95190020377955,-4.01915330661156,4.077707604925921,-1.91777620129452,-19.95190020377955,-4.01915330661156,-26.39786645355806,-4.711343609065267,-13.437032989265598,-3.2133814891804353,20.057562239119775,0.944050369130927
2019-11-04,,0.8432580424366874,,,,,,,,,,,,,,,,,,,,
2019-11-05,,0.8459958932238196,,,,,,,,,,,,,,,,,,,,
2019-11-06,,0.8487337440109507,,,,,,,,,,,,,,,,,,,,
2019-11-07,,0.8514715947980841,,,,,,,,,,,,,,,,,,,,
2019-11-08,,0.8542094455852149,,,,,,,,,,,,,,,,,,,,
2019-11-09,,0.8569472963723471,,,,,,,,,,,,,,,,,,,,
2019-11-10,,0.8596851471594796,,,,,,,,,,,,,,,,,,,,
2019-11-11,0.64,0.8624229979466116,-28.437854636564317,-4.422979860613561,-3.79423432852041,-1.7196820929279768,-1.5841606934605288,-2.085946698942018,-21.99188838678581,-4.187323804259059,2.1167613796144327,-1.4189493182534503,18.583360161826683,0.8600398395741746,18.583360161826683,0.8600398395741746,-1.5841606934605288,-1.7196820929279768,-11.511887713511296,-2.998830918258622,-25.195403774018235,-4.422979860613561
2019-11-12,,0.865160848733744,,,,,,,,,,,,,,,,,,,,
2019-11-13,,0.8678986995208763,,,,,,,,,,,,,,,,,,,,
2019-11-14,,0.8706365503080072,,,,,,,,,,,,,,,,,,,,
2019-11-15,,0.8733744010951409,,,,,,,,,,,,,,,,,,,,
2019-11-16,,0.8761122518822733,,,,,,,,,,,,,,,,,,,,
2019-11-17,,0.8788501026694041,,,,,,,,,,,,,,,,,,,,
2019-11-18,5.85,0.8815879534565375,-30.51842113247258,-5.051029758577954,-3.66472718936879,-1.8911977447931665,-5.874800824428672,-3.028916218827288,-27.275970269926496,-4.594495512478751,-13.592454209419557,-3.0367576959653135,-27.275970269926496,-5.051029758577954,-25.377427628077754,-4.423963708953669,-11.543047781909149,-3.0367576959653135,-17.55758766818012,-3.553067638693123,-30.51842113247258,-5.051029758577954
2019-11-19,,0.8843258042436685,,,,,,,,,,,,,,,,,,,,
2019-11-20,6.22,0.8870636550308008,-27.916727166562595,-4.647317586192708,-0.6836039706246968,-1.944019818507124,-26.018184524713853,-4.647317586192708,-24.71321177933017,-4.411661529838206,-36.08182165128829,-5.151095046373825,-26.018184524713853,-4.476785782667626,-27.916727166562595,-4.476785782667626,15.296250663569158,-0.06699302020409537,-13.30261250995498,-3.0817382925412455,-36.08182165128829,-5.151095046373825
2019-11-21,0.36,0.8898015058179333,-6.8431915707118804,-2.3372935748683616,15.534402919635212,0.6086929636478309,15.534402919635212,0.6086929636478309,-4.633117935651999,-1.9710289688543206,14.298189650304845,0.5245329955570854,-1.0112378202718073,-1.8584741893951962,-4.633117935651999,-2.3372935748683616,-18.525978414463324,-3.632898862754277,14.968616813922047,0.6086929636478309,13.609043391751605,-0.18671534165349302
2019-11-22,,0.8925393566050651,,,,,,,,,,,,,,,,,,,,
2019-11-23,,0.8952772073921976,,,,,,,,,,,,,,,,,,,,
2019-11-24,,0.8980150581793299,,,,,,,,,,,,,,,,,,,,
2019-11-25,,0.9007529089664607,,,,,,,,,,,,,,,,,,,,
2019-11-26,,0.9034907597535943,,,,,,,,,,,,,,,,,,,,
2019-11-27,,0.906228610540725,,,,,,,,,,,,,,,,,,,,
2019-11-28,,0.9089664613278573,,,,,,,,,,,,,,,,,,,,
2019-11-29,,0.9117043121149898,,,,,,,,,,,,,,,,,,,,
2019-11-30,,0.9144421629021217,,,,,,,,,,,,,,,,,,,,
2019-12-01,,0.9171800136892542,,,,,,,,,,,,,,,,,,,,
2019-12-02,,0.9199178644763867,,,,,,,,,,,,,,,,,,,,
2019-12-03,,0.9226557152635172,,,,,,,,,,,,,,,,,,,,
2019-12-04,,0.9253935660506508,,,,,,,,,,,,,,,,,,,,
2019-12-05,,0.9281314168377816,,,,,,,,,,,,,,,,,,,,
2019-12-06,,0.9308692676249138,,,,,,,,,,,,,,,,,,,,
2019-12-07,7.01,0.9336071184120466,-18.323952858709237,-3.5879136634033757,-24.338492744980208,-4.917836900700336,-30.853359959494163,-4.917836900700336,-34.056875346726585,-5.153492957054839,-18.323952858709237,-3.595755140541401,-18.323952858709237,-3.595755140541401,9.156102483405165,0.04536677504215181,7.796529061234724,-0.6658815621684266,-37.29932620927267,-5.610027203154042,-18.323952858709237,-3.5879136634033757
2019-12-08,,0.9363449691991782,,,,,,,,,,,,,,,,,,,,
2019-12-09,,0.9390828199863107,,,,,,,,,,,,,,,,,,,,
2019-12-10,,0.9418206707734432,,,,,,,,,,,,,,,,,,,,
2019-12-11,,0.9445585215605737,,,,,,,,,,,,,,,,,,,,
2019-12-12,,0.9472963723477078,,,,,,,,,,,,,,,,,,,,
2019-12-13,0.61,0.9500342231348403,-33.25473107630436,-4.310026904378965,-9.146081309904117,-0.8638433832781813,-39.70069732608287,-5.351454778164593,6.754731366594967,-0.7711302121759802,-36.45824646353678,-5.351454778164593,6.084304202977766,-0.7711302121759802,-12.847003382979079,-2.648157010479009,-33.25473107630436,-4.310026904378965,-22.774730403029846,-3.927305835809654,-34.559703821688046,-5.115798721810091
2019-12-14,6.68,0.9527720739219707,5.6754067357504105,-0.804838491039189,-27.14876132901776,-4.343735183242174,-9.634020734826242,-2.681865289342218,-9.634020734826242,-2.5693105098830933,-22.253029274156525,-3.8274252405143647,-45.03223841548983,-5.888940517208919,-45.03223841548983,-5.888940517208919,-21.134221442746792,-3.048129895356259,-22.253029274156525,-3.961014114672863,-34.968601288915394,-5.21463125350272
2019-12-15,1.2,0.9555099247091045,6.500566019360363,-0.13602941260962442,-9.966032762851887,-2.6031965656526515,-22.66408325987694,-3.861311296283923,-40.52064877903064,-5.875583358896563,-22.66408325987694,-3.994900170442421,-45.44329240121024,-5.922826572978477,4.575206491476756,-2.4150185704372493,-45.44329240121024,-5.922826572978477,-21.545275428467207,-3.861311296283923,-15.87702847098673,-2.7157513451117756
2019-12-16,,0.958247775496235,,,,,,,,,,,,,,,,,,,,
2019-12-17,3.5,0.9609856262833675,-41.34873915384412,-5.943848641798478,5.106689538833713,-0.9069898297106627,-34.902772904065614,-5.251658339344773,3.747116116663271,-0.9997030008128638,3.747116116663271,-2.483283853339165,-34.902772904065614,-5.316782592174193,-10.873165095360141,-2.671461848554567,-41.34873915384412,-5.943848641798478,-24.4227722307911,-4.063165453344337,-34.902772904065614,-4.445886521913648
2019-12-18,4.78,0.9637234770705,-11.210914481494333,-2.517642879676069,-36.624536993278255,-5.351141618511098,4.689898195004751,-0.32281368993918935,-46.68817411985269,-6.025450882217296,4.689898195004751,-0.32281368993918935,-41.76553049767308,-5.978207668135383,-38.523079635127004,-5.52167342203618,-11.289956439189103,-2.705820874891471,3.3303247728343095,-1.0340620271497678,4.01947103138755,-0.9413488560475667
2019-12-19,,0.9664613278576316,,,,,,,,,,,,,,,,,,,,
2019-12-20,,0.9691991786447643,,,,,,,,,,,,,,,,,,,,
2019-12-21,,0.9719370294318969,,,,,,,,,,,,,,,,,,,,
2019-12-22,,0.9746748802190274,,,,,,,,,,,,,,,,,,,,
2019-12-23,,0.977412731006161,,,,,,,,,,,,,,,,,,,,
2019-12-24,,0.9801505817932915,,,,,,,,,,,,,,,,,,,,
2019-12-25,,0.982888432580424,,,,,,,,,,,,,,,,,,,,
2019-12-26,1.6400000000000001,0.9856262833675569,-41.90694994145892,-6.257163770984869,-32.18856733971254,-4.376480582530727,-0.05354553349761204,-2.796598982525555,-45.149400804005005,-6.257163770984869,-26.174027453441575,-4.2350502312342035,-18.295706860901216,-3.097331757200082,-50.07204442618462,-6.304406985066782,-20.505780495961098,-3.4635963632141227,1.3060278886728298,-1.220304958897053,-20.505780495961098,-4.2350502312342035
2019-12-27,3.1,0.9883641341546882,-15.101125073553215,-3.0200021682924145,-26.601325781473765,-4.27027542178566,-27.720133612883497,-4.4117057730821845,-0.4808438615298023,-2.8318241730770124,-15.022083115858445,-2.8318241730770124,-18.723005188933406,-3.1325569477515387,-42.33424826949111,-5.835854715437123,-0.4808438615298023,-1.2555301494485103,-18.723005188933406,-3.0200021682924145,-28.650732208984174,-4.4117057730821845
2019-12-28,,0.9911019849418209,,,,,,,,,,,,,,,,,,,,
2019-12-29,7.69,0.9938398357289535,-15.878169311143656,-2.9023973473186917,-28.57621980816871,-4.482278947323864,0.022643365355428102,-0.7075681575818122,-51.35542894950201,-6.410205349859919,-33.47195186302994,-5.6707718333243,-51.35542894950201,-6.410205349859919,-1.3369300568150138,-1.4188164947923907,-51.35542894950201,-6.410205349859919,-28.57621980816871,-4.34084859602734,0.022643365355428102,-0.7075681575818122
2019-12-30,,0.9965776865160839,,,,,,,,,,,,,,,,,,,,
2019-12-31,6.700000000000001,0.9993155373032176,-30.36404605383734,-4.552946219627663,-40.84404672711185,-5.7414391056281,-34.3291795125979,-4.935667288196974,-0.8345842842125251,-0.778235429885612,-1.5050114478297267,-0.778235429885612,-0.2687981784993596,-0.778235429885612,-1.5050114478297267,-1.3967705959939893,-44.047562114344274,-5.80656335845752,-30.36404605383734,-4.419357345469165,-0.8345842842125251,-0.778235429885612
2020-01-01,19.080000000000002,0.002737850787132099,-34.865075637438046,-4.979844954887634,-17.27129308555176,-3.0172422863131505,-52.74855272391012,-6.525050288854378,-47.82590910173051,-6.477807074772464,-52.74855272391012,-6.525050288854378,-41.379942851952,-5.785616772318758,-20.97221515862672,-3.317975060987677,-20.97221515862672,-3.684239667001718,-17.35033504324653,-3.317975060987677,-23.182288793686602,-3.684239667001718
2020-01-02,0.5,0.005475701574264198,-31.328528250793408,-4.491024883327114,-3.1586399033390364,-1.5689927820921645,-2.4694936447857962,-0.8577444448815861,-3.1586399033390364,-1.4762796109899634,-17.77892111536245,-3.0525736346184655,-41.80852892406792,-5.820948120624074,-45.01204431130034,-5.886072373453494,-45.01204431130034,-6.056604176978576,-21.40080123074264,-3.2407516298338677,-43.11350166945161,-5.886072373453494
2020-01-03,0.27,0.00821355236139631,-21.82913361428968,-3.3886168442747735,-2.8978260283328368,-1.5115900459717446,-45.44037669484739,-6.548448858059561,-42.23686130761496,-5.05048673817473,-18.128211541214718,-3.276062064815649,-43.541834052998645,-5.856258555605855,-35.72199409310101,-4.667765669605418,-42.23686130761496,-5.856258555605855,-24.039207249349563,-4.526335318308895,-2.8978260283328368,-1.6043032170739457
2020-01-04,,0.010951403148528396,,,,,,,,,,,,,,,,,,,,
2020-01-05,,0.01368925393566052,,,,,,,,,,,,,,,,,,,,
2020-01-06,0.28,0.01642710472279262,-19.410419656371957,-3.3817634500540117,-4.8691804020433125,-1.7100046023123086,-23.111341729446917,-3.3817634500540117,-32.10847015339701,-4.632036703547258,-37.00420220825824,-5.156188123413092,-3.5096069798728706,-0.9987562651017301,-49.965035672550705,-6.654150243297924,-19.489461614066727,-3.3817634500540117,-32.10847015339701,-4.639878180685283,-25.321415364506798,-4.639878180685283
2020-01-07,,0.0191649555099247,,,,,,,,,,,,,,,,,,,,
2020-01-08,,0.021902806297056793,,,,,,,,,,,,,,,,,,,,
2020-01-09,,0.024640657084188906,,,,,,,,,,,,,,,,,,,,
2020-01-10,,0.02737850787132104,,,,,,,,,,,,,,,,,,,,
2020-01-11,,0.030116358658453125,,,,,,,,,,,,,,,,,,,,
2020-01-12,,0.03285420944558524,,,,,,,,,,,,,,,,,,,,
2020-01-13,,0.03559206023271732,,,,,,,,,,,,,,,,,,,,
2020-01-14,,0.0383299110198494,,,,,,,,,,,,,,,,,,,,
2020-01-15,,0.041067761806981476,,,,,,,,,,,,,,,,,,,,
2020-01-16,,0.043805612594113585,,,,,,,,,,,,,,,,,,,,
2020-01-17,7.29,0.046543463381245744,-59.50487509833279,-7.082021209293332,-37.656264553100165,-5.536815875326587,-29.938611168109276,-5.012664455460753,-54.58223147615318,-7.034777995211418,-9.48637620564579,-3.574213206752104,-59.50487509833279,-7.082021209293332,-51.339780613607104,-6.5782437491122145,-54.58223147615318,-7.034777995211418,-51.339780613607104,-6.5782437491122145,-8.126802783475348,-1.3793840170152247
2020-01-18,2.76,0.04928131416837781,-36.01630609166961,-4.274964247775573,-59.914323064412656,-7.115774869628233,-8.536250749555208,-1.413137677350126,-54.99167944223304,-7.06853165554632,-42.03084597794058,-5.054259592933679,-30.348059134189135,-4.274964247775573,-30.348059134189135,-5.046418115795654,-24.516105383749064,-3.7961448623024077,-7.970464643842043,-1.3289777092593806,-37.135113923079345,-5.054259592933679
2020-01-19,,0.05201916495550991,,,,,,,,,,,,,,,,,,,,
2020-01-20,,0.05475701574264208,,,,,,,,,,,,,,,,,,,,
2020-01-21,1.2,0.05749486652977417,-61.12870169574377,-7.215884595980905,-29.35236413046037,-4.375073974128244,-25.73048401508018,-3.896254588655079,-29.35236413046037,-3.896254588655079,-52.96360721101807,-6.476451079445285,-49.76009182378565,-6.476451079445285,-49.76009182378565,-5.6706792620141595,-31.56243776552025,-5.146527842148325,-49.76009182378565,-5.6706792620141595,-31.56243776552025,-4.008809368114203
2020-01-22,1.16,0.06023271731690625,-53.36334571280399,-6.745060377065695,-43.64496311105761,-5.187322560552257,-10.820795046289444,-2.1647358110770814,-56.60579657535008,-7.2015946231648975,-9.584581776959077,-1.4620406768779586,-39.67982965229706,-5.187322560552257,-56.60579657535008,-7.2015946231648975,-51.464803070955256,-6.574528573540612,-29.752102632246288,-4.408027215394151,-10.150367882672242,-2.1647358110770814
2020-01-23,12.83,0.06297056810403834,-39.1462445849692,-5.353640037387327,-61.92545372630251,-7.23432322584147,-32.359189796078994,-4.440755818070723,-26.527236045638922,-3.961936432597558,-50.55684385434439,-6.542132923387764,-44.04197663983044,-6.542132923387764,-26.527236045638922,-4.440755818070723,-50.55684385434439,-6.542132923387764,-38.02743675355947,-5.212209686090804,-51.86181659972807,-6.607257176217185
2020-01-24,,0.06570841889117048,,,,,,,,,,,,,,,,,,,,
2020-01-25,,0.06844626967830257,,,,,,,,,,,,,,,,,,,,
2020-01-26,28.8,0.07118412046543464,-41.2503633425628,-5.450381514226084,-54.93387940306974,-7.3310647026802265,-54.93387940306974,-6.874530456581024,-63.098973887795424,-7.3783079167621395,-63.098973887795424,-7.3783079167621395,-53.03533676122099,-6.874530456581024,-58.17633026561582,-7.3310647026802265,-63.098973887795424,-7.3783079167621395,-63.098973887795424,-7.3783079167621395,-39.20095691505239,-4.53749729490948
2020-01-27,,0.07392197125256673,,,,,,,,,,,,,,,,,,,,
2020-01-28,,0.0766598220396988,,,,,,,,,,,,,,,,,,,,
2020-01-29,,0.07939767282683088,,,,,,,,,,,,,,,,,,,,
2020-01-30,0.33,0.08213552361396295,-35.052227016195765,-4.662761716567089,-40.72047397367624,-5.442057061725195,-64.61849094641929,-7.503572338419749,-13.240418631561838,-1.8009351461416419,-59.69584732423967,-7.456329124337835,-29.141231308060924,-4.183942331093923,-54.55485381984485,-6.82926307471355,-29.141231308060924,-3.9957643358785213,-41.839281805085974,-5.442057061725195,-14.59999205373228,-2.419470312250019
2020-01-31,0.47,0.08487337440109509,-54.925913157971436,-6.859852091880081,-13.045691863975264,-1.7473641952174277,-41.091533311802834,-5.464804601753701,-43.14093973931325,-5.988956021619535,-43.14093973931325,-5.606234953050224,-47.1060731980738,-5.988956021619535,-60.066906662366264,-7.030383895405164,-33.21321271926247,-4.214531348260454,-64.98955028454587,-7.53416135558628,-54.925913157971436,-6.859852091880081
2020-02-01,,0.08761122518822717,,,,,,,,,,,,,,,,,,,,
2020-02-02,,0.09034907597535924,,,,,,,,,,,,,,,,,,,,
2020-02-03,,0.09308692676249149,,,,,,,,,,,,,,,,,,,,
2020-02-04,,0.09582477754962355,,,,,,,,,,,,,,,,,,,,
2020-02-05,,0.09856262833675562,,,,,,,,,,,,,,,,,,,,
2020-02-06,,0.10130047912388775,,,,,,,,,,,,,,,,,,,,
2020-02-07,,0.10403832991101981,,,,,,,,,,,,,,,,,,,,
2020-02-08,,0.10677618069815187,,,,,,,,,,,,,,,,,,,,
2020-02-09,,0.10951403148528416,,,,,,,,,,,,,,,,,,,,
2020-02-10,,0.11225188227241624,,,,,,,,,,,,,,,,,,,,
2020-02-11,,0.11498973305954834,,,,,,,,,,,,,,,,,,,,
2020-02-12,0.34,0.1177275838466804,-46.34038825031443,-5.94670362982726,-33.64233775328938,-4.366822029822088,-47.27098684641511,-5.813114755668762,-59.05596026507331,-7.135196515827697,-17.741525076790296,-2.171992840085209,-33.72137971098415,-4.366822029822088,-64.19695376946814,-7.827386818281402,-17.17573897107713,-2.171992840085209,-64.19695376946814,-7.827386818281402,-39.553333461424224,-4.667554804496615
2020-02-13,,0.1204654346338125,,,,,,,,,,,,,,,,,,,,
2020-02-14,,0.12320328542094461,,,,,,,,,,,,,,,,,,,,
2020-02-15,,0.12594113620807668,,,,,,,,,,,,,,,,,,,,
2020-02-16,,0.12867898699520888,,,,,,,,,,,,,,,,,,,,
2020-02-17,,0.13141683778234095,,,,,,,,,,,,,,,,,,,,
2020-02-18,,0.13415468856947305,,,,,,,,,,,,,,,,,,,,
2020-02-19,,0.13689253935660514,,,,,,,,,,,,,,,,,,,,
2020-02-20,,0.1396303901437372,,,,,,,,,,,,,,,,,,,,
2020-02-21,,0.14236824093086928,,,,,,,,,,,,,,,,,,,,
2020-02-22,,0.14510609171800137,,,,,,,,,,,,,,,,,,,,
2020-02-23,,0.14784394250513347,,,,,,,,,,,,,,,,,,,,
2020-02-24,5.180000000000001,0.15058179329226554,-37.05903590048403,-4.648484361256899,-61.16768566688427,-7.416858847262508,-42.97003160861887,-6.086935609965548,-37.1380778581788,-4.949217135931426,-22.517796646155382,-3.1649035087305983,-37.1380778581788,-4.836662356472301,-67.61365191666277,-8.109049149716213,-21.828650387602142,-3.072190337628397,-21.828650387602142,-3.1649035087305983,-50.68768499360976,-6.611087029831382
2020-02-25,4.1,0.1533196440793976,-48.886008974371855,-6.107357760637131,-67.86138232493528,-8.129471300387797,-64.6189314623892,-7.672937054288594,-62.720388820540464,-7.502405250763512,-22.765527054427892,-3.185325659402182,-22.076380795874652,-3.092612488299981,-48.886008974371855,-5.335903892617051,-43.21776201689138,-4.96963928660301,-64.6189314623892,-7.502405250763512,-54.90054886064282,-6.631509180502966
2020-02-26,0.32,0.1560574948665297,-23.007201780779027,-3.205248597847542,-22.318055522225787,-2.4940002606369633,-22.318055522225787,-3.1125354267453407,-51.1770901282334,-6.268711050379014,-37.54844103510767,-4.8770074455892445,-61.65709080150791,-6.651432118948326,-21.08184225289542,-2.409840292546218,-49.12768370072299,-6.127280699082491,-61.65709080150791,-6.651432118948326,-49.12768370072299,-5.35582683106241
2020-02-27,,0.15879534565366177,,,,,,,,,,,,,,,,,,,,
2020-02-28,,0.16153319644079384,,,,,,,,,,,,,,,,,,,,
2020-02-29,0.52,0.1642710472279259,-38.31546701223814,-4.74554478622031,-65.54859020817604,-8.206109574679624,-73.71368469290172,-8.253352788761537,-38.23642505454337,-4.74554478622031,-44.14742076267821,-6.191837512066984,-21.769826272331116,-2.4665556283926855,-38.31546701223814,-4.933722781435712,-23.695185800214723,-4.74554478622031,-51.8650741476691,-6.325426386225482,-55.83020760642965,-7.513919272225919
2020-03-01,1.38,0.1670088980150581,-52.0818292258881,-6.343295023737879,-22.552367456263283,-2.5685842339958276,-56.046962684648655,-6.343295023737879,-23.222794619880485,-3.187119400104205,-50.03242279837769,-6.2018646724413555,-38.45318013276237,-3.279832571206406,-69.00779614894111,-7.767443966092818,-50.03242279837769,-5.430410804421275,-62.56182989916261,-7.596912162567736,-69.00779614894111,-8.223978212192021
2020-03-02,11.62,0.16974674880219018,-69.21815630294421,-7.784785425263317,-69.21815630294421,-7.784785425263317,-42.36446235984042,-5.081487657577733,-74.14079992512382,-8.288562885444433,-52.292189379891184,-6.743357551477689,-44.574535994900295,-5.447752263591774,-62.772190053165694,-7.614253621738235,-42.36446235984042,-5.081487657577733,-64.07716279854938,-7.614253621738235,-64.07716279854938,-7.549129368908814
2020-03-03,,0.17248459958932227,,,,,,,,,,,,,,,,,,,,
2020-03-04,,0.17522245037645434,,,,,,,,,,,,,,,,,,,,
2020-03-05,,0.17796030116358644,,,,,,,,,,,,,,,,,,,,
2020-03-06,,0.18069815195071848,,,,,,,,,,,,,,,,,,,,
2020-03-07,,0.18343600273785102,,,,,,,,,,,,,,,,,,,,
2020-03-08,1.5899999999999999,0.18617385352498297,-45.69905230752534,-5.174189404324225,-24.557671086508616,-2.6786274399128187,-23.887243922891415,-2.6786274399128187,-43.488978672465464,-5.540454010338266,-53.41670569251623,-6.319749355496372,-45.69905230752534,-5.540454010338266,-43.488978672465464,-5.0616346248651,-57.381839151276786,-6.836059298224181,-53.41670569251623,-6.319749355496372,-75.26531623774886,-8.381264632190925
2020-03-09,1.71,0.18891170431211515,-40.03105949237728,-5.075151071829108,-39.95201753468251,-3.4033922240874053,-57.545800086568796,-6.849575745188189,-39.95201753468251,-3.4033922240874053,-70.50663355086127,-8.34753786507302,-64.06066730108276,-7.655347562619315,-43.652939607757475,-5.075151071829108,-23.48541875247026,-2.692143886876827,-23.48541875247026,-2.6079839187860814,-25.410778280353867,-3.4033922240874053
2020-03-10,,0.1916495550992471,,,,,,,,,,,,,,,,,,,,
2020-03-11,5.19,0.19438740588637934,-57.85316009913149,-6.49219251273979,-53.88802664037094,-6.49219251273979,-51.838620212860526,-5.579308293423186,-53.88802664037094,-6.358603638581292,-57.85316009913149,-6.874913581309102,-46.17037325538005,-6.350762161443267,-46.17037325538005,-6.350762161443267,-25.718138292916564,-3.4287300602083177,-40.33841950493998,-5.2130436874091455,-52.95742804427026,-6.358603638581292
2020-03-12,,0.19712525667351125,,,,,,,,,,,,,,,,,,,,
2020-03-13,3.21,0.19986310746064354,-25.997782727643205,-3.3590699362482956,-44.239944055046806,-5.2360967345513245,-24.638209305472763,-2.7405347701399183,-76.0162816203302,-8.443171962418026,-46.45001769010669,-6.373815208585446,-46.45001769010669,-6.373815208585446,-52.11826464758717,-6.373815208585446,-76.0162816203302,-8.443171962418026,-53.2370724789969,-6.381656685723471,-25.997782727643205,-3.3590699362482956
2020-03-14,,0.2026009582477755,,,,,,,,,,,,,,,,,,,,
2020-03-15,,0.20533880903490773,,,,,,,,,,,,,,,,,,,,
2020-03-16,,0.20807665982203963,,,,,,,,,,,,,,,,,,,,
2020-03-17,,0.21081451060917186,,,,,,,,,,,,,,,,,,,,
2020-03-18,0.63,0.21355236139630374,-66.5284096459454,-7.751202795420514,-25.213974457662395,-2.787999119678026,-41.19382909185625,-4.982828309414905,-71.66940315034023,-8.44339309787422,-65.22343690056172,-6.945430977989388,-52.6940297997768,-6.421279558123554,-65.22343690056172,-7.751202795420514,-24.64818835194923,-2.7038391515872804,-53.81283763118653,-6.421279558123554,-66.5284096459454,-7.816327048249934
2020-03-19,1.73,0.216290212183436,-65.31716810764865,-7.758929714562606,-26.667279086919777,-4.990555228556997,-24.74191955903617,-2.7115660707293725,-26.667279086919777,-3.4142612049284953,-25.978132828366537,-3.4142612049284953,-52.78776100686374,-6.436847954403671,-52.78776100686374,-6.429006477265646,-52.78776100686374,-6.436847954403671,-24.74191955903617,-2.7115660707293725,-26.667279086919777,-3.5069743760306964
2020-03-20,,0.21902806297056832,,,,,,,,,,,,,,,,,,,,
2020-03-21,3.56,0.2217659137577002,-55.0029734262489,-6.584105376448275,-41.45336629081794,-5.30495655111763,-47.28532004125801,-5.30495655111763,-55.0029734262489,-6.584105376448275,-41.37432433312317,-5.192401771658505,-41.37432433312317,-3.5206429239168027,-58.968106885009455,-7.772598262448712,-68.68648948675583,-7.8377225152781325,-76.85158397148153,-8.512031778984332,-54.07237483014822,-6.450516502289777
2020-03-22,,0.22450376454483248,,,,,,,,,,,,,,,,,,,,
2020-03-23,1.5299999999999998,0.22724161533196433,-41.51109512202681,-3.5319178968922196,-66.92471763381073,-7.783873235424129,-25.044496339814557,-2.7365095915908957,-26.969855867698165,-3.4392047257900185,-72.06571113820556,-8.476063537877835,-26.280709609144925,-3.4392047257900185,-59.104877673913094,-6.595380349423692,-68.82326027565948,-8.019529291778632,-41.59013707972158,-5.01549874941852,-55.13974421515254,-6.595380349423692
2020-03-24,,0.22997946611909667,,,,,,,,,,,,,,,,,,,,
2020-03-25,,0.23271731690622846,,,,,,,,,,,,,,,,,,,,
2020-03-26,,0.2354551676933608,,,,,,,,,,,,,,,,,,,,
2020-03-27,,0.23819301848049268,,,,,,,,,,,,,,,,,,,,
2020-03-28,,0.240930869267625,,,,,,,,,,,,,,,,,,,,
2020-03-29,0.28,0.24366872005475684,-27.20451116490885,-5.034843027212026,-45.44667249231246,-5.701840407900594,-55.374399512363226,-6.4811357530587,-72.30036643541624,-8.49540781567134,-53.324993084852814,-6.4811357530587,-45.44667249231246,-5.223021022427428,-45.44667249231246,-5.335575801886553,-25.279151637025244,-2.7558538693844015,-25.279151637025244,-2.7558538693844015,-41.745750419237496,-5.223021022427428
2020-03-30,,0.24640657084188922,,,,,,,,,,,,,,,,,,,,
2020-03-31,,0.24914442162902098,,,,,,,,,,,,,,,,,,,,
2020-04-01,,0.25188227241615335,,,,,,,,,,,,,,,,,,,,
2020-04-02,,0.25462012320328514,,,,,,,,,,,,,,,,,,,,
2020-04-03,,0.25735797399041777,,,,,,,,,,,,,,,,,,,,
2020-04-04,,0.26009582477754956,,,,,,,,,,,,,,,,,,,,
2020-04-05,,0.2628336755646819,,,,,,,,,,,,,,,,,,,,
2020-04-06,,0.2655715263518137,,,,,,,,,,,,,,,,,,,,
2020-04-07,,0.2683093771389461,,,,,,,,,,,,,,,,,,,,
2020-04-08,,0.2710472279260779,,,,,,,,,,,,,,,,,,,,
2020-04-09,,0.2737850787132103,,,,,,,,,,,,,,,,,,,,
2020-04-10,,0.276522929500342,,,,,,,,,,,,,,,,,,,,
2020-04-11,,0.2792607802874744,,,,,,,,,,,,,,,,,,,,
2020-04-12,,0.28199863107460615,,,,,,,,,,,,,,,,,,,,
2020-04-13,,0.28473648186173856,,,,,,,,,,,,,,,,,,,,
2020-04-14,1.81,0.2874743326488703,-44.778706699247095,-5.167955929027834,-24.61118584395988,-2.7007887759848077,-46.98878033430697,-6.418229182521081,-65.18643439257238,-7.813276672647461,-53.77583512319718,-6.418229182521081,-44.778706699247095,-5.167955929027834,-58.67156717805842,-6.9423806023869155,-53.77583512319718,-6.418229182521081,-66.49140713795606,-7.748152419818041,-53.77583512319718,-6.418229182521081
2020-04-15,,0.29021218343600275,,,,,,,,,,,,,,,,,,,,
2020-04-16,,0.2929500342231352,,,,,,,,,,,,,,,,,,,,
2020-04-17,,0.29568788501026694,,,,,,,,,,,,,,,,,,,,
2020-04-18,,0.29842573579739934,,,,,,,,,,,,,,,,,,,,
2020-04-19,,0.3011635865845311,,,,,,,,,,,,,,,,,,,,
2020-04-20,,0.30390143737166353,,,,,,,,,,,,,,,,,,,,
2020-04-21,,0.3066392881587952,,,,,,,,,,,,,,,,,,,,
2020-04-22,,0.30937713894592767,,,,,,,,,,,,,,,,,,,,
2020-04-23,,0.3121149897330594,,,,,,,,,,,,,,,,,,,,
2020-04-24,,0.31485284052019186,,,,,,,,,,,,,,,,,,,,
2020-04-25,,0.31759069130732354,,,,,,,,,,,,,,,,,,,,
2020-04-26,,0.32032854209445605,,,,,,,,,,,,,,,,,,,,
2020-04-27,,0.32306639288158767,,,,,,,,,,,,,,,,,,,,
2020-04-28,,0.3258042436687204,,,,,,,,,,,,,,,,,,,,
2020-04-29,,0.3285420944558518,,,,,,,,,,,,,,,,,,,,
2020-04-30,,0.33127994524298454,,,,,,,,,,,,,,,,,,,,
2020-05-01,,0.3340177960301162,,,,,,,,,,,,,,,,,,,,
2020-05-02,,0.3367556468172486,,,,,,,,,,,,,,,,,,,,
2020-05-03,0.28,0.33949349760438036,-63.341685766696685,-7.553623104617934,-41.62898532798772,-5.020857140457432,-21.461464472700506,-2.44113520795528,-21.461464472700506,-2.5252951760460256,-49.507305920528076,-5.387121746471473,-21.461464472700506,-2.44113520795528,-55.52184580679904,-6.300005965788077,-41.62898532798772,-5.387121746471473,-50.62611375193781,-6.1585756144915536,-37.92806325491276,-4.720124365782905
2020-05-04,,0.34223134839151276,,,,,,,,,,,,,,,,,,,,
2020-05-05,,0.34496919917864455,,,,,,,,,,,,,,,,,,,,
2020-05-06,0.31,0.347707049965777,-20.74797437513587,-2.3823172276485587,-50.84322225047385,-6.241187985481355,-64.52673831098079,-7.665336927836295,-49.91262365437317,-6.107599111322857,-49.91262365437317,-6.241187985481355,-20.74797437513587,-2.3823172276485587,-37.21457315734812,-4.661306385476183,-64.52673831098079,-7.494805124311212,-62.62819566913204,-7.494805124311212,-37.21457315734812,-4.661306385476183
2020-05-07,,0.3504449007529087,,,,,,,,,,,,,,,,,,,,
2020-05-08,,0.35318275154004103,,,,,,,,,,,,,,,,,,,,
2020-05-09,,0.3559206023271729,,,,,,,,,,,,,,,,,,,,
2020-05-10,,0.3586584531143053,,,,,,,,,,,,,,,,,,,,
2020-05-11,1.5,0.36139630390143695,-47.485125165137575,-5.9997145848209055,-48.60393299654731,-6.1333034589794035,-21.364643245193612,-3.069841006447931,-60.0145322659225,-7.32179634497984,-35.984924457217026,-4.741599854189634,-19.439283717310005,-2.3585926692373524,-53.49966505140854,-7.32179634497984,-66.460498515701,-8.013986647433546,-48.60393299654731,-5.9997145848209055,-20.00506982302317,-2.3585926692373524
2020-05-12,,0.36413415468856963,,,,,,,,,,,,,,,,,,,,
2020-05-13,,0.36687200547570203,,,,,,,,,,,,,,,,,,,,
2020-05-14,,0.36960985626283366,,,,,,,,,,,,,,,,,,,,
2020-05-15,,0.37234770704996595,,,,,,,,,,,,,,,,,,,,
2020-05-16,,0.37508555783709796,,,,,,,,,,,,,,,,,,,,
2020-05-17,,0.3778234086242303,,,,,,,,,,,,,,,,,,,,
2020-05-18,,0.38056125941136193,,,,,,,,,,,,,,,,,,,,
2020-05-19,,0.3832991101984942,,,,,,,,,,,,,,,,,,,,
2020-05-20,,0.3860369609856263,,,,,,,,,,,,,,,,,,,,
2020-05-21,,0.3887748117727587,,,,,,,,,,,,,,,,,,,,
2020-05-22,,0.3915126625598903,,,,,,,,,,,,,,,,,,,,
2020-05-23,,0.3942505133470225,,,,,,,,,,,,,,,,,,,,
2020-05-24,0.72,0.39698836413415467,-45.49942823563425,-5.659231308450455,-37.78177485064336,-4.521512834416333,-59.18294429614119,-7.2248106021019165,-16.640393629626633,-2.644486036113304,-31.870779142508518,-4.408958054957208,-49.4645616943948,-5.66707278558848,-45.49942823563425,-5.66707278558848,-44.56882963953357,-5.66707278558848,-55.97942890890876,-6.183382728316289,-17.329539888179873,-2.644486036113304
2020-05-25,,0.39972621492128707,,,,,,,,,,,,,,,,,,,,
2020-05-26,,0.4024640657084187,,,,,,,,,,,,,,,,,,,,
2020-05-27,0.83,0.405201916495551,-36.736154010894175,-4.435314993450372,-15.59477278987745,-2.558288195147343,-34.5260803758343,-4.435314993450372,-34.5260803758343,-4.435314993450372,-36.736154010894175,-4.801579599464413,-56.23878081454326,-6.968080957610874,-16.28391904843069,-4.1345822187758445,-61.37977431893808,-7.138612761135956,-48.41894085464562,-6.097184887350328,-34.5260803758343,-4.435314993450372
2020-05-28,,0.40793976728268316,,,,,,,,,,,,,,,,,,,,
2020-05-29,0.28,0.41067761806981545,-14.206404771614586,-1.7964081735978898,-43.7358665412394,-5.521690057272188,-41.68646011372899,-4.742394712114082,-65.58447708647203,-7.583205333966742,-14.206404771614586,-2.4991033077970126,-47.70099999999996,-6.037999999999998,-14.876831935231788,-2.4991033077970126,-13.640618665901421,-1.7964081735978898,-14.876831935231788,-1.8805681416886353,-55.5208399598976,-6.843771817431123
2020-05-30,,0.41341546885694697,,,,,,,,,,,,,,,,,,,,
2020-05-31,,0.41615331964407926,,,,,,,,,,,,,,,,,,,,
2020-06-01,0.55,0.4188911704312115,-34.91213555736923,-4.284948391524537,-56.313305002867054,-6.988246159210121,-59.55575586541314,-7.4447804053093245,-29.08018180692916,-4.284948391524537,-13.100327172735305,-1.789386427113131,-41.69919034625944,-5.564097216855182,-46.59492240112068,-5.564097216855182,-13.100327172735305,-1.789386427113131,-56.313305002867054,-7.4447804053093245,-42.62978894236012,-5.946818285424493
2020-06-02,1.14,0.4216290212183437,-59.179720924552065,-7.413781214400157,-52.73375467477356,-6.786715164775872,-32.32602698144828,-4.25394920061537,-32.32602698144828,-4.620213806629411,-46.2188874602596,-5.915819094515326,-59.179720924552065,-6.957246968300954,-34.53610061650816,-4.620213806629411,-32.32602698144828,-4.620213806629411,-28.704146866068086,-3.9532164259408433,-34.53610061650816,-4.25394920061537
2020-06-03,,0.42436687200547535,,,,,,,,,,,,,,,,,,,,
2020-06-04,,0.42710472279260747,,,,,,,,,,,,,,,,,,,,
2020-06-05,,0.4298425735797398,,,,,,,,,,,,,,,,,,,,
2020-06-06,,0.432580424366872,,,,,,,,,,,,,,,,,,,,
2020-06-07,,0.4353182751540036,,,,,,,,,,,,,,,,,,,,
2020-06-08,,0.43805612594113663,,,,,,,,,,,,,,,,,,,,
2020-06-09,1.18,0.44079397672826875,-25.901591617593667,-3.7286981717296714,-29.602513690668626,-4.029430946404198,-43.49537416947995,-5.308579771734843,-9.434992835381415,-1.4497090139020465,-39.5302407107194,-5.308579771734843,-50.01024138399391,-5.308579771734843,-11.360352363265022,-2.2451173192033704,-43.49537416947995,-6.49707265773528,-11.360352363265022,-2.2451173192033704,-9.434992835381415,-1.4497090139020465
2020-06-10,0.63,0.4435318275154004,-10.959622450799301,-2.212082349019236,-38.198912202153,-5.14195592739221,-25.500861705127946,-3.883841196760939,-29.201783778202905,-3.9963959762200636,-52.81302685876061,-6.699693743905648,-31.411857413262787,-4.3626605822341045,-56.055477721306694,-7.156227990004851,-9.60004902862886,-2.1193691779170347,-29.201783778202905,-4.3626605822341045,-25.500861705127946,-3.695663201545537
2020-06-11,,0.44626967830253256,,,,,,,,,,,,,,,,,,,,
2020-06-12,,0.44900752908966496,,,,,,,,,,,,,,,,,,,,
2020-06-13,,0.45174537987679714,,,,,,,,,,,,,,,,,,,,
2020-06-14,,0.45448323066392865,,,,,,,,,,,,,,,,,,,,
2020-06-15,,0.45722108145106083,,,,,,,,,,,,,,,,,,,,
2020-06-16,,0.45995893223819334,,,,,,,,,,,,,,,,,,,,
2020-06-17,,0.4626967830253254,,,,,,,,,,,,,,,,,,,,
2020-06-18,,0.4654346338124569,,,,,,,,,,,,,,,,,,,,
2020-06-19,,0.4681724845995891,,,,,,,,,,,,,,,,,,,,
2020-06-20,,0.4709103353867216,,,,,,,,,,,,,,,,,,,,
2020-06-21,,0.4736481861738539,,,,,,,,,,,,,,,,,,,,
2020-06-22,,0.47638603696098536,,,,,,,,,,,,,,,,,,,,
2020-06-23,,0.4791238877481175,,,,,,,,,,,,,,,,,,,,
2020-06-24,,0.48186173853525,,,,,,,,,,,,,,,,,,,,
2020-06-25,,0.4845995893223822,,,,,,,,,,,,,,,,,,,,
2020-06-26,,0.4873374401095137,,,,,,,,,,,,,,,,,,,,
2020-06-27,,0.49007529089664575,,,,,,,,,,,,,,,,,,,,
2020-06-28,,0.49281314168377843,,,,,,,,,,,,,,,,,,,,
2020-06-29,,0.49555099247091045,,,,,,,,,,,,,,,,,,,,
2020-06-30,,0.49828884325804196,,,,,,,,,,,,,,,,,,,,
2020-07-01,,0.5010266940451745,,,,,,,,,,,,,,,,,,,,
